{
  "type": "FeatureCollection",
  "generator": "overpass-turbo",
  "copyright": "The data included in this document is from www.openstreetmap.org. The data is made available under ODbL.",
  "timestamp": "2026-07-09T00:00:30Z",
  "features": [
    {
      "type": "Feature",
      "properties": {
        "@id": "relation/11378457",
        "admin_level": "8",
        "boundary": "administrative",
        "name": "Pedregal",
        "official_name": "Corregimiento Pedregal",
        "type": "boundary"
      },
      "geometry": {
        "type": "Polygon",
        "coordinates": [
          [
            [
              -79.4398476,
              9.0542198
            ],
            [
              -79.4385868,
              9.0548965
            ],
            [
              -79.4378794,
              9.0552608
            ],
            [
              -79.4370277,
              9.0557627
            ],
            [
              -79.4360987,
              9.0562515
            ],
            [
              -79.4346047,
              9.0570404
            ],
            [
              -79.4328902,
              9.0579631
            ],
            [
              -79.432639,
              9.0580983
            ],
            [
              -79.4311602,
              9.058853
            ],
            [
              -79.4305158,
              9.0591521
            ],
            [
              -79.4297183,
              9.0594866
            ],
            [
              -79.4296355,
              9.0595194
            ],
            [
              -79.429221,
              9.0596911
            ],
            [
              -79.427112,
              9.0604519
            ],
            [
              -79.4260997,
              9.0607972
            ],
            [
              -79.4238424,
              9.0615379
            ],
            [
              -79.4223788,
              9.0620588
            ],
            [
              -79.4209132,
              9.062653
            ],
            [
              -79.4193582,
              9.0633405
            ],
            [
              -79.4178163,
              9.0640802
            ],
            [
              -79.415957,
              9.0650279
            ],
            [
              -79.4160248,
              9.0651421
            ],
            [
              -79.4162582,
              9.0654501
            ],
            [
              -79.4164062,
              9.0655177
            ],
            [
              -79.4166625,
              9.0656241
            ],
            [
              -79.4168034,
              9.0657432
            ],
            [
              -79.4168664,
              9.0659183
            ],
            [
              -79.4169703,
              9.0663154
            ],
            [
              -79.4169675,
              9.0665643
            ],
            [
              -79.4171473,
              9.0669717
            ],
            [
              -79.4172105,
              9.0671429
            ],
            [
              -79.4171613,
              9.0673301
            ],
            [
              -79.4171308,
              9.0674342
            ],
            [
              -79.4168772,
              9.0676508
            ],
            [
              -79.4166369,
              9.0679244
            ],
            [
              -79.4164143,
              9.0681325
            ],
            [
              -79.4161711,
              9.0683391
            ],
            [
              -79.4161877,
              9.0685905
            ],
            [
              -79.4160219,
              9.0688843
            ],
            [
              -79.4158775,
              9.0690859
            ],
            [
              -79.4157038,
              9.0693143
            ],
            [
              -79.4156777,
              9.0697124
            ],
            [
              -79.4159429,
              9.0702474
            ],
            [
              -79.4161916,
              9.0704308
            ],
            [
              -79.4175105,
              9.0709129
            ],
            [
              -79.4178573,
              9.0711911
            ],
            [
              -79.417965,
              9.0712775
            ],
            [
              -79.4180944,
              9.0712704
            ],
            [
              -79.4183434,
              9.0710326
            ],
            [
              -79.4184767,
              9.0708916
            ],
            [
              -79.4185718,
              9.0708755
            ],
            [
              -79.4186458,
              9.0710958
            ],
            [
              -79.4186348,
              9.0712167
            ],
            [
              -79.4186082,
              9.0715084
            ],
            [
              -79.4185663,
              9.071659
            ],
            [
              -79.4185487,
              9.0717224
            ],
            [
              -79.4184903,
              9.0720479
            ],
            [
              -79.4185787,
              9.0723036
            ],
            [
              -79.4188157,
              9.0726047
            ],
            [
              -79.41935,
              9.0730945
            ],
            [
              -79.419378,
              9.0732112
            ],
            [
              -79.4193011,
              9.0734417
            ],
            [
              -79.419141,
              9.0737942
            ],
            [
              -79.4187506,
              9.074306
            ],
            [
              -79.4187318,
              9.0747701
            ],
            [
              -79.4186472,
              9.0753012
            ],
            [
              -79.4186012,
              9.0754344
            ],
            [
              -79.4182276,
              9.0755543
            ],
            [
              -79.4167146,
              9.0759924
            ],
            [
              -79.4164413,
              9.0760486
            ],
            [
              -79.4159163,
              9.0759694
            ],
            [
              -79.4155159,
              9.0760855
            ],
            [
              -79.415335,
              9.0762096
            ],
            [
              -79.4152376,
              9.0763424
            ],
            [
              -79.4150048,
              9.0766597
            ],
            [
              -79.4150147,
              9.0770023
            ],
            [
              -79.415194,
              9.0774274
            ],
            [
              -79.4154098,
              9.0776379
            ],
            [
              -79.4156001,
              9.0776869
            ],
            [
              -79.4158532,
              9.077752
            ],
            [
              -79.4160847,
              9.0779491
            ],
            [
              -79.4161454,
              9.0781622
            ],
            [
              -79.415971,
              9.0785145
            ],
            [
              -79.4158371,
              9.0787849
            ],
            [
              -79.4156344,
              9.0791943
            ],
            [
              -79.4155642,
              9.0793361
            ],
            [
              -79.4154698,
              9.0794124
            ],
            [
              -79.4154579,
              9.079422
            ],
            [
              -79.4153522,
              9.0794782
            ],
            [
              -79.4152099,
              9.0794501
            ],
            [
              -79.415153,
              9.0792935
            ],
            [
              -79.4150767,
              9.0791953
            ],
            [
              -79.4150595,
              9.0791731
            ],
            [
              -79.4148684,
              9.0790125
            ],
            [
              -79.4144598,
              9.0790186
            ],
            [
              -79.4141041,
              9.0790326
            ],
            [
              -79.4139252,
              9.0792815
            ],
            [
              -79.4139496,
              9.0794782
            ],
            [
              -79.4142708,
              9.0797392
            ],
            [
              -79.4145528,
              9.0799441
            ],
            [
              -79.4145635,
              9.0799519
            ],
            [
              -79.4146611,
              9.0801366
            ],
            [
              -79.4147058,
              9.0805019
            ],
            [
              -79.4148318,
              9.0806264
            ],
            [
              -79.4149701,
              9.0806505
            ],
            [
              -79.415027,
              9.0808793
            ],
            [
              -79.4150432,
              9.0809596
            ],
            [
              -79.4151489,
              9.0810359
            ],
            [
              -79.4151649,
              9.0810446
            ],
            [
              -79.4153481,
              9.0811442
            ],
            [
              -79.4153497,
              9.0811571
            ],
            [
              -79.4153603,
              9.0812406
            ],
            [
              -79.4152628,
              9.0813249
            ],
            [
              -79.4151733,
              9.0813209
            ],
            [
              -79.4149863,
              9.0814012
            ],
            [
              -79.415027,
              9.081618
            ],
            [
              -79.4152018,
              9.0817745
            ],
            [
              -79.4153644,
              9.0818307
            ],
            [
              -79.4153725,
              9.0819913
            ],
            [
              -79.4153075,
              9.0820997
            ],
            [
              -79.4149863,
              9.0822322
            ],
            [
              -79.4146733,
              9.0825212
            ],
            [
              -79.4145871,
              9.0827284
            ],
            [
              -79.4145798,
              9.082746
            ],
            [
              -79.4145554,
              9.0828825
            ],
            [
              -79.4143765,
              9.083015
            ],
            [
              -79.4143582,
              9.0830264
            ],
            [
              -79.4139984,
              9.0832519
            ],
            [
              -79.4139902,
              9.08326
            ],
            [
              -79.4137382,
              9.0835088
            ],
            [
              -79.4135464,
              9.0838837
            ],
            [
              -79.413539,
              9.0838982
            ],
            [
              -79.4133613,
              9.0843021
            ],
            [
              -79.4132372,
              9.0844493
            ],
            [
              -79.4131772,
              9.0845204
            ],
            [
              -79.4130593,
              9.0848697
            ],
            [
              -79.4130169,
              9.0852177
            ],
            [
              -79.4130227,
              9.0853434
            ],
            [
              -79.4131284,
              9.0855361
            ],
            [
              -79.4131325,
              9.0857529
            ],
            [
              -79.4130167,
              9.0860404
            ],
            [
              -79.4130195,
              9.0861099
            ],
            [
              -79.4130224,
              9.0861797
            ],
            [
              -79.4128218,
              9.0867512
            ],
            [
              -79.4126375,
              9.0871762
            ],
            [
              -79.4125388,
              9.0874038
            ],
            [
              -79.4125308,
              9.0876678
            ],
            [
              -79.4123969,
              9.0878851
            ],
            [
              -79.4122539,
              9.0879233
            ],
            [
              -79.4119577,
              9.0880024
            ],
            [
              -79.4117607,
              9.088055
            ],
            [
              -79.4114492,
              9.0881556
            ],
            [
              -79.4113655,
              9.0881826
            ],
            [
              -79.4111363,
              9.0882378
            ],
            [
              -79.410994,
              9.0884426
            ],
            [
              -79.4109766,
              9.0887523
            ],
            [
              -79.4111689,
              9.0894658
            ],
            [
              -79.4112606,
              9.0898059
            ],
            [
              -79.4114447,
              9.0901477
            ],
            [
              -79.4114602,
              9.0906303
            ],
            [
              -79.4113944,
              9.0908962
            ],
            [
              -79.4111922,
              9.091061
            ],
            [
              -79.4110521,
              9.0913194
            ],
            [
              -79.4109344,
              9.0916056
            ],
            [
              -79.4108873,
              9.0919965
            ],
            [
              -79.4110361,
              9.0925306
            ],
            [
              -79.4111464,
              9.0926734
            ],
            [
              -79.4113084,
              9.092842
            ],
            [
              -79.411566,
              9.0929359
            ],
            [
              -79.4120058,
              9.0929718
            ],
            [
              -79.4126071,
              9.0929195
            ],
            [
              -79.4129,
              9.0928149
            ],
            [
              -79.4130431,
              9.092926
            ],
            [
              -79.4130805,
              9.0930773
            ],
            [
              -79.4129645,
              9.0933067
            ],
            [
              -79.4127012,
              9.0935038
            ],
            [
              -79.4125664,
              9.0935101
            ],
            [
              -79.4122712,
              9.0935238
            ],
            [
              -79.4119931,
              9.0936127
            ],
            [
              -79.4117769,
              9.0936852
            ],
            [
              -79.4117476,
              9.0938782
            ],
            [
              -79.4118863,
              9.094087
            ],
            [
              -79.4120738,
              9.0942074
            ],
            [
              -79.4127334,
              9.0944322
            ],
            [
              -79.4127878,
              9.0945346
            ],
            [
              -79.4128917,
              9.0947302
            ],
            [
              -79.4127679,
              9.0949359
            ],
            [
              -79.4126603,
              9.094989
            ],
            [
              -79.4126246,
              9.0949974
            ],
            [
              -79.412335,
              9.0950653
            ],
            [
              -79.4121805,
              9.0950011
            ],
            [
              -79.4120911,
              9.0948365
            ],
            [
              -79.4118797,
              9.0946719
            ],
            [
              -79.4117496,
              9.094716
            ],
            [
              -79.4115209,
              9.09482
            ],
            [
              -79.4114935,
              9.0948325
            ],
            [
              -79.4113024,
              9.0948606
            ],
            [
              -79.4111764,
              9.0948164
            ],
            [
              -79.4110381,
              9.0949288
            ],
            [
              -79.4109812,
              9.0950091
            ],
            [
              -79.4110259,
              9.0952018
            ],
            [
              -79.411217,
              9.0952821
            ],
            [
              -79.4112868,
              9.0953182
            ],
            [
              -79.4114731,
              9.0954145
            ],
            [
              -79.4114889,
              9.0954291
            ],
            [
              -79.4116114,
              9.095543
            ],
            [
              -79.4116927,
              9.0957879
            ],
            [
              -79.4118919,
              9.0960327
            ],
            [
              -79.4119013,
              9.0960508
            ],
            [
              -79.4119732,
              9.0961893
            ],
            [
              -79.4120198,
              9.0963488
            ],
            [
              -79.4120719,
              9.0965273
            ],
            [
              -79.4121033,
              9.0966349
            ],
            [
              -79.4121927,
              9.0967593
            ],
            [
              -79.4122618,
              9.096956
            ],
            [
              -79.4123827,
              9.0971749
            ],
            [
              -79.4124651,
              9.0972732
            ],
            [
              -79.412396,
              9.0974458
            ],
            [
              -79.4123635,
              9.0975823
            ],
            [
              -79.4124179,
              9.0978012
            ],
            [
              -79.4124204,
              9.0978111
            ],
            [
              -79.4124611,
              9.0978954
            ],
            [
              -79.4125952,
              9.0979235
            ],
            [
              -79.4126765,
              9.098056
            ],
            [
              -79.412675,
              9.0980695
            ],
            [
              -79.4126643,
              9.0981684
            ],
            [
              -79.412579,
              9.0982567
            ],
            [
              -79.4125871,
              9.0983651
            ],
            [
              -79.412583,
              9.0985176
            ],
            [
              -79.412589,
              9.0985674
            ],
            [
              -79.4126033,
              9.0986862
            ],
            [
              -79.4126196,
              9.0987906
            ],
            [
              -79.4127597,
              9.0989584
            ],
            [
              -79.4127372,
              9.0991872
            ],
            [
              -79.4127306,
              9.0993847
            ],
            [
              -79.4127617,
              9.1001429
            ],
            [
              -79.4129561,
              9.1005256
            ],
            [
              -79.4133538,
              9.1007487
            ],
            [
              -79.4136441,
              9.1010778
            ],
            [
              -79.4136805,
              9.1014209
            ],
            [
              -79.413556,
              9.1016898
            ],
            [
              -79.4132962,
              9.101751
            ],
            [
              -79.4130877,
              9.1016932
            ],
            [
              -79.4126022,
              9.1018284
            ],
            [
              -79.4125017,
              9.1019682
            ],
            [
              -79.4125069,
              9.102116
            ],
            [
              -79.4128057,
              9.102455
            ],
            [
              -79.4129611,
              9.1028447
            ],
            [
              -79.4129744,
              9.1031982
            ],
            [
              -79.4131289,
              9.1035555
            ],
            [
              -79.4134338,
              9.103977
            ],
            [
              -79.4134648,
              9.1040199
            ],
            [
              -79.4136877,
              9.1040618
            ],
            [
              -79.4138682,
              9.1040618
            ],
            [
              -79.4139957,
              9.1040443
            ],
            [
              -79.4141266,
              9.103957
            ],
            [
              -79.4142399,
              9.1038067
            ],
            [
              -79.4143071,
              9.103639
            ],
            [
              -79.4144274,
              9.1034048
            ],
            [
              -79.4145301,
              9.1032406
            ],
            [
              -79.4146787,
              9.1032091
            ],
            [
              -79.4148097,
              9.1032441
            ],
            [
              -79.4148982,
              9.1033209
            ],
            [
              -79.4150787,
              9.1034852
            ],
            [
              -79.4151671,
              9.1036564
            ],
            [
              -79.4153299,
              9.1039674
            ],
            [
              -79.4154715,
              9.1041352
            ],
            [
              -79.4157192,
              9.1042715
            ],
            [
              -79.415783,
              9.1043553
            ],
            [
              -79.4157971,
              9.1044532
            ],
            [
              -79.4157157,
              9.1045336
            ],
            [
              -79.4155671,
              9.1045615
            ],
            [
              -79.415475,
              9.104607
            ],
            [
              -79.4154503,
              9.1047328
            ],
            [
              -79.4155069,
              9.1048411
            ],
            [
              -79.4156555,
              9.1049355
            ],
            [
              -79.4158325,
              9.1049774
            ],
            [
              -79.4160236,
              9.1049669
            ],
            [
              -79.4161369,
              9.104932
            ],
            [
              -79.4163492,
              9.104876
            ],
            [
              -79.4164696,
              9.104897
            ],
            [
              -79.4165863,
              9.1049285
            ],
            [
              -79.4172942,
              9.1051731
            ],
            [
              -79.417549,
              9.1052849
            ],
            [
              -79.4177614,
              9.1054247
            ],
            [
              -79.4180339,
              9.1057532
            ],
            [
              -79.418317,
              9.106169
            ],
            [
              -79.4183913,
              9.1063368
            ],
            [
              -79.4184267,
              9.106522
            ],
            [
              -79.418402,
              9.1067631
            ],
            [
              -79.4183772,
              9.1070043
            ],
            [
              -79.4183453,
              9.1071545
            ],
            [
              -79.4182852,
              9.1072768
            ],
            [
              -79.4182392,
              9.1074725
            ],
            [
              -79.4181542,
              9.1083182
            ],
            [
              -79.4182179,
              9.1085419
            ],
            [
              -79.4182675,
              9.1086572
            ],
            [
              -79.4183206,
              9.1088354
            ],
            [
              -79.4183206,
              9.1090695
            ],
            [
              -79.4183206,
              9.1092897
            ],
            [
              -79.4183064,
              9.1094924
            ],
            [
              -79.4183064,
              9.1096916
            ],
            [
              -79.4183064,
              9.1099152
            ],
            [
              -79.418363,
              9.1100725
            ],
            [
              -79.4184444,
              9.1101424
            ],
            [
              -79.4185612,
              9.1102053
            ],
            [
              -79.4186426,
              9.1103835
            ],
            [
              -79.4186143,
              9.1105373
            ],
            [
              -79.4185718,
              9.1107924
            ],
            [
              -79.4185825,
              9.1109391
            ],
            [
              -79.4186568,
              9.111044
            ],
            [
              -79.4187771,
              9.1110789
            ],
            [
              -79.4189895,
              9.1110684
            ],
            [
              -79.4191487,
              9.111044
            ],
            [
              -79.4194283,
              9.1109182
            ],
            [
              -79.4196902,
              9.110705
            ],
            [
              -79.4198707,
              9.1104569
            ],
            [
              -79.4200548,
              9.1103171
            ],
            [
              -79.4201892,
              9.1102787
            ],
            [
              -79.4203556,
              9.1102926
            ],
            [
              -79.4205502,
              9.1103451
            ],
            [
              -79.4207874,
              9.1104045
            ],
            [
              -79.4209466,
              9.1104988
            ],
            [
              -79.421113,
              9.110684
            ],
            [
              -79.4212581,
              9.1107609
            ],
            [
              -79.4213324,
              9.1107539
            ],
            [
              -79.4213749,
              9.1107155
            ],
            [
              -79.4214492,
              9.1106071
            ],
            [
              -79.4214881,
              9.1104569
            ],
            [
              -79.4214881,
              9.1102332
            ],
            [
              -79.4214174,
              9.1100305
            ],
            [
              -79.4214244,
              9.1097929
            ],
            [
              -79.4214704,
              9.1096601
            ],
            [
              -79.4216863,
              9.1091988
            ],
            [
              -79.421789,
              9.1090311
            ],
            [
              -79.4218208,
              9.1089367
            ],
            [
              -79.4218385,
              9.1088214
            ],
            [
              -79.4218385,
              9.1087201
            ],
            [
              -79.421743,
              9.1085558
            ],
            [
              -79.4216545,
              9.1084091
            ],
            [
              -79.4214811,
              9.1080911
            ],
            [
              -79.421474,
              9.1079513
            ],
            [
              -79.4214811,
              9.107836
            ],
            [
              -79.4215271,
              9.1077521
            ],
            [
              -79.4216651,
              9.1077311
            ],
            [
              -79.4217819,
              9.1077381
            ],
            [
              -79.4220827,
              9.1077835
            ],
            [
              -79.4224508,
              9.107836
            ],
            [
              -79.4226419,
              9.1078989
            ],
            [
              -79.4228012,
              9.1079827
            ],
            [
              -79.4228861,
              9.1080491
            ],
            [
              -79.4228861,
              9.108154
            ],
            [
              -79.4228684,
              9.1082868
            ],
            [
              -79.4228295,
              9.10843
            ],
            [
              -79.4228047,
              9.1085803
            ],
            [
              -79.4228366,
              9.1086397
            ],
            [
              -79.4229109,
              9.1086677
            ],
            [
              -79.4230277,
              9.1086537
            ],
            [
              -79.4231445,
              9.1085908
            ],
            [
              -79.4232931,
              9.1085279
            ],
            [
              -79.4234347,
              9.108465
            ],
            [
              -79.4235444,
              9.1084091
            ],
            [
              -79.423601,
              9.1083881
            ],
            [
              -79.4237249,
              9.1084161
            ],
            [
              -79.4238098,
              9.1085034
            ],
            [
              -79.4239868,
              9.1086327
            ],
            [
              -79.424085,
              9.1086723
            ],
            [
              -79.4243858,
              9.10858
            ],
            [
              -79.4244997,
              9.1085037
            ],
            [
              -79.4246298,
              9.1083793
            ],
            [
              -79.4247802,
              9.1082509
            ],
            [
              -79.4250444,
              9.1081144
            ],
            [
              -79.4254144,
              9.1079658
            ],
            [
              -79.4254916,
              9.1079618
            ],
            [
              -79.4256664,
              9.10801
            ],
            [
              -79.4257965,
              9.1081625
            ],
            [
              -79.4259022,
              9.108303
            ],
            [
              -79.4259876,
              9.1084435
            ],
            [
              -79.4260933,
              9.1086603
            ],
            [
              -79.4262112,
              9.1089132
            ],
            [
              -79.4262844,
              9.1090938
            ],
            [
              -79.4263494,
              9.1093387
            ],
            [
              -79.4264877,
              9.1095635
            ],
            [
              -79.4266666,
              9.1097361
            ],
            [
              -79.4269227,
              9.1099328
            ],
            [
              -79.4273496,
              9.1101415
            ],
            [
              -79.4274959,
              9.110266
            ],
            [
              -79.4276626,
              9.1103944
            ],
            [
              -79.4279675,
              9.110563
            ],
            [
              -79.4281952,
              9.1106875
            ],
            [
              -79.4282887,
              9.110828
            ],
            [
              -79.4283578,
              9.1109845
            ],
            [
              -79.4283578,
              9.1112374
            ],
            [
              -79.4284635,
              9.1114662
            ],
            [
              -79.4285814,
              9.1118516
            ],
            [
              -79.4287034,
              9.1120804
            ],
            [
              -79.4288375,
              9.1122289
            ],
            [
              -79.4289798,
              9.1124738
            ],
            [
              -79.4289798,
              9.1125621
            ],
            [
              -79.4289757,
              9.1127066
            ],
            [
              -79.4290205,
              9.112823
            ],
            [
              -79.4290855,
              9.1130036
            ],
            [
              -79.4291831,
              9.113112
            ],
            [
              -79.4293213,
              9.1131923
            ],
            [
              -79.4295043,
              9.1132886
            ],
            [
              -79.429675,
              9.113393
            ],
            [
              -79.4297604,
              9.1135175
            ],
            [
              -79.4297604,
              9.113674
            ],
            [
              -79.42974,
              9.1138546
            ],
            [
              -79.4295896,
              9.1140634
            ],
            [
              -79.4294067,
              9.1143203
            ],
            [
              -79.4292807,
              9.1145009
            ],
            [
              -79.4291953,
              9.1146535
            ],
            [
              -79.429179,
              9.1148461
            ],
            [
              -79.4292644,
              9.1149746
            ],
            [
              -79.4295327,
              9.1151071
            ],
            [
              -79.4298742,
              9.1151793
            ],
            [
              -79.4301222,
              9.1152235
            ],
            [
              -79.4303336,
              9.1151472
            ],
            [
              -79.4305084,
              9.1150428
            ],
            [
              -79.430671,
              9.1149344
            ],
            [
              -79.4310003,
              9.114814
            ],
            [
              -79.4312239,
              9.114814
            ],
            [
              -79.4313622,
              9.1148702
            ],
            [
              -79.4315207,
              9.1149625
            ],
            [
              -79.4316874,
              9.1149666
            ],
            [
              -79.4317606,
              9.1149304
            ],
            [
              -79.4318094,
              9.1148461
            ],
            [
              -79.4318582,
              9.1147097
            ],
            [
              -79.4319395,
              9.1146133
            ],
            [
              -79.4321102,
              9.1145571
            ],
            [
              -79.4322159,
              9.1146334
            ],
            [
              -79.4322972,
              9.1147618
            ],
            [
              -79.4323419,
              9.1149104
            ],
            [
              -79.4323094,
              9.1150669
            ],
            [
              -79.4322119,
              9.1151954
            ],
            [
              -79.4320858,
              9.1154723
            ],
            [
              -79.4320655,
              9.1156811
            ],
            [
              -79.4322037,
              9.115954
            ],
            [
              -79.4323094,
              9.1161387
            ],
            [
              -79.4324558,
              9.116219
            ],
            [
              -79.4326062,
              9.1162711
            ],
            [
              -79.4327851,
              9.1162792
            ],
            [
              -79.4329396,
              9.1162511
            ],
            [
              -79.4331103,
              9.116239
            ],
            [
              -79.4332404,
              9.1162832
            ],
            [
              -79.4334112,
              9.1163635
            ],
            [
              -79.4335779,
              9.1163635
            ],
            [
              -79.4336958,
              9.1163193
            ],
            [
              -79.4337771,
              9.1162912
            ],
            [
              -79.4339641,
              9.1162952
            ],
            [
              -79.4340779,
              9.1163354
            ],
            [
              -79.4341511,
              9.1164157
            ],
            [
              -79.4341958,
              9.1165602
            ],
            [
              -79.4341917,
              9.1166806
            ],
            [
              -79.4341064,
              9.1169576
            ],
            [
              -79.4340535,
              9.1171462
            ],
            [
              -79.4340576,
              9.1173429
            ],
            [
              -79.4340738,
              9.1174914
            ],
            [
              -79.43433,
              9.1176159
            ],
            [
              -79.4345576,
              9.117664
            ],
            [
              -79.4348869,
              9.1176881
            ],
            [
              -79.4351715,
              9.1178928
            ],
            [
              -79.4355089,
              9.1180293
            ],
            [
              -79.4356431,
              9.1180093
            ],
            [
              -79.4357244,
              9.117925
            ],
            [
              -79.4357732,
              9.1178487
            ],
            [
              -79.4359318,
              9.1178045
            ],
            [
              -79.4360212,
              9.117937
            ],
            [
              -79.4362163,
              9.1183264
            ],
            [
              -79.4364277,
              9.1188763
            ],
            [
              -79.4365822,
              9.1190329
            ],
            [
              -79.4367327,
              9.1191693
            ],
            [
              -79.4367774,
              9.1192737
            ],
            [
              -79.436818,
              9.1194945
            ],
            [
              -79.4368628,
              9.1196831
            ],
            [
              -79.4369237,
              9.1198276
            ],
            [
              -79.4370213,
              9.119932
            ],
            [
              -79.4371961,
              9.1200324
            ],
            [
              -79.4373709,
              9.1200524
            ],
            [
              -79.4375661,
              9.1200404
            ],
            [
              -79.4376555,
              9.1201046
            ],
            [
              -79.4376596,
              9.1201969
            ],
            [
              -79.4376108,
              9.1204458
            ],
            [
              -79.4374319,
              9.1207268
            ],
            [
              -79.4373303,
              9.1209636
            ],
            [
              -79.4373343,
              9.1211322
            ],
            [
              -79.4374604,
              9.1212847
            ],
            [
              -79.4376677,
              9.1214413
            ],
            [
              -79.437871,
              9.1215617
            ],
            [
              -79.4380173,
              9.1217263
            ],
            [
              -79.4380295,
              9.121915
            ],
            [
              -79.4380458,
              9.1220273
            ],
            [
              -79.4381068,
              9.1222561
            ],
            [
              -79.438123,
              9.1224769
            ],
            [
              -79.438184,
              9.1227298
            ],
            [
              -79.4383548,
              9.1228422
            ],
            [
              -79.4386963,
              9.1230068
            ],
            [
              -79.439298,
              9.12336
            ],
            [
              -79.4393955,
              9.1234483
            ],
            [
              -79.4394118,
              9.1235527
            ],
            [
              -79.4393752,
              9.1236771
            ],
            [
              -79.439302,
              9.1237935
            ],
            [
              -79.4391557,
              9.123918
            ],
            [
              -79.4389443,
              9.1240103
            ],
            [
              -79.4388182,
              9.1240544
            ],
            [
              -79.4387369,
              9.1241749
            ],
            [
              -79.4385824,
              9.124492
            ],
            [
              -79.4385337,
              9.1246927
            ],
            [
              -79.4385093,
              9.1248693
            ],
            [
              -79.4385459,
              9.1251463
            ],
            [
              -79.4386719,
              9.1252707
            ],
            [
              -79.4388833,
              9.125355
            ],
            [
              -79.4390418,
              9.125355
            ],
            [
              -79.4393102,
              9.1254232
            ],
            [
              -79.4395256,
              9.1255115
            ],
            [
              -79.439672,
              9.1256319
            ],
            [
              -79.4397736,
              9.1258126
            ],
            [
              -79.4398305,
              9.1259972
            ],
            [
              -79.4399403,
              9.1262702
            ],
            [
              -79.440233,
              9.126495
            ],
            [
              -79.4405623,
              9.1267157
            ],
            [
              -79.4407412,
              9.1269325
            ],
            [
              -79.440916,
              9.1272335
            ],
            [
              -79.4410827,
              9.1273901
            ],
            [
              -79.4415096,
              9.1275828
            ],
            [
              -79.4418714,
              9.1277313
            ],
            [
              -79.4420544,
              9.1277313
            ],
            [
              -79.4425422,
              9.1276831
            ],
            [
              -79.4428715,
              9.1278196
            ],
            [
              -79.4436196,
              9.1286705
            ],
            [
              -79.4438228,
              9.1296981
            ],
            [
              -79.4444916,
              9.1303022
            ],
            [
              -79.4450831,
              9.131303
            ],
            [
              -79.4488204,
              9.1346675
            ],
            [
              -79.4508016,
              9.1372045
            ],
            [
              -79.4510573,
              9.1372623
            ],
            [
              -79.4514147,
              9.1369094
            ],
            [
              -79.4527642,
              9.1365626
            ],
            [
              -79.4535499,
              9.1358995
            ],
            [
              -79.4540829,
              9.135936
            ],
            [
              -79.454773,
              9.135723
            ],
            [
              -79.4556819,
              9.1350568
            ],
            [
              -79.4561071,
              9.1342416
            ],
            [
              -79.4563536,
              9.1340439
            ],
            [
              -79.4568743,
              9.1340621
            ],
            [
              -79.4574782,
              9.1343998
            ],
            [
              -79.4577622,
              9.1343355
            ],
            [
              -79.458553,
              9.1333853
            ],
            [
              -79.4581424,
              9.1331605
            ],
            [
              -79.4579025,
              9.1328634
            ],
            [
              -79.4575448,
              9.1326908
            ],
            [
              -79.4573313,
              9.1323052
            ],
            [
              -79.4573252,
              9.132169
            ],
            [
              -79.4573415,
              9.1319442
            ],
            [
              -79.457435,
              9.1318198
            ],
            [
              -79.4576081,
              9.131811
            ],
            [
              -79.457847,
              9.1318577
            ],
            [
              -79.458168,
              9.1320013
            ],
            [
              -79.4582969,
              9.1320165
            ],
            [
              -79.4584693,
              9.1319535
            ],
            [
              -79.4586384,
              9.131884
            ],
            [
              -79.4588254,
              9.1318238
            ],
            [
              -79.4588986,
              9.1316914
            ],
            [
              -79.458927,
              9.1315469
            ],
            [
              -79.4588742,
              9.1313783
            ],
            [
              -79.4588701,
              9.131294
            ],
            [
              -79.4590224,
              9.131168
            ],
            [
              -79.4591747,
              9.1308039
            ],
            [
              -79.4592848,
              9.1306638
            ],
            [
              -79.4594352,
              9.1303909
            ],
            [
              -79.4594271,
              9.1302704
            ],
            [
              -79.4593417,
              9.1301902
            ],
            [
              -79.4591954,
              9.1300898
            ],
            [
              -79.4590866,
              9.1298878
            ],
            [
              -79.4588759,
              9.1290648
            ],
            [
              -79.4587522,
              9.1287973
            ],
            [
              -79.4587727,
              9.1286618
            ],
            [
              -79.4589311,
              9.1283277
            ],
            [
              -79.4592075,
              9.1276988
            ],
            [
              -79.4593196,
              9.1273715
            ],
            [
              -79.4594013,
              9.127187
            ],
            [
              -79.4595554,
              9.1267951
            ],
            [
              -79.4597842,
              9.1259905
            ],
            [
              -79.4599594,
              9.1255156
            ],
            [
              -79.4602956,
              9.1246695
            ],
            [
              -79.460403,
              9.124349
            ],
            [
              -79.4605665,
              9.1236781
            ],
            [
              -79.460849,
              9.1231825
            ],
            [
              -79.4610498,
              9.122341
            ],
            [
              -79.4611666,
              9.1219998
            ],
            [
              -79.461302,
              9.1215825
            ],
            [
              -79.4615542,
              9.120877
            ],
            [
              -79.4616732,
              9.1202568
            ],
            [
              -79.4616592,
              9.1197196
            ],
            [
              -79.4616756,
              9.1195145
            ],
            [
              -79.461727,
              9.1190395
            ],
            [
              -79.4618427,
              9.1187702
            ],
            [
              -79.4618533,
              9.1185123
            ],
            [
              -79.4618325,
              9.1182272
            ],
            [
              -79.4618787,
              9.1178752
            ],
            [
              -79.461755,
              9.1175848
            ],
            [
              -79.4618017,
              9.1172804
            ],
            [
              -79.461825,
              9.1170683
            ],
            [
              -79.461831,
              9.1168031
            ],
            [
              -79.4618344,
              9.1166556
            ],
            [
              -79.4618204,
              9.1163167
            ],
            [
              -79.4618216,
              9.1162857
            ],
            [
              -79.4618367,
              9.1158856
            ],
            [
              -79.4618985,
              9.1155305
            ],
            [
              -79.4618844,
              9.1151655
            ],
            [
              -79.4618947,
              9.1148406
            ],
            [
              -79.4619091,
              9.114251
            ],
            [
              -79.4619231,
              9.1138821
            ],
            [
              -79.4619721,
              9.1131536
            ],
            [
              -79.4620118,
              9.1126925
            ],
            [
              -79.4619768,
              9.1122521
            ],
            [
              -79.4620352,
              9.1120169
            ],
            [
              -79.4621169,
              9.1113345
            ],
            [
              -79.4621776,
              9.1110025
            ],
            [
              -79.4622757,
              9.1106106
            ],
            [
              -79.4623714,
              9.1101287
            ],
            [
              -79.4626049,
              9.1097667
            ],
            [
              -79.4629061,
              9.1091857
            ],
            [
              -79.4632751,
              9.1088261
            ],
            [
              -79.4633404,
              9.1084065
            ],
            [
              -79.4632022,
              9.1081695
            ],
            [
              -79.4631244,
              9.1080103
            ],
            [
              -79.4629995,
              9.10786
            ],
            [
              -79.4628904,
              9.1078779
            ],
            [
              -79.4625517,
              9.1078779
            ],
            [
              -79.4614853,
              9.1077416
            ],
            [
              -79.4608329,
              9.1075062
            ],
            [
              -79.4604174,
              9.1070618
            ],
            [
              -79.4601246,
              9.1063732
            ],
            [
              -79.4603837,
              9.1054424
            ],
            [
              -79.4608574,
              9.1038706
            ],
            [
              -79.4609348,
              9.1036138
            ],
            [
              -79.4610587,
              9.1032028
            ],
            [
              -79.46094,
              9.1029364
            ],
            [
              -79.4607732,
              9.1027923
            ],
            [
              -79.4604344,
              9.1027923
            ],
            [
              -79.4598071,
              9.1029286
            ],
            [
              -79.4592927,
              9.1028047
            ],
            [
              -79.4590041,
              9.1023835
            ],
            [
              -79.4589289,
              9.1020738
            ],
            [
              -79.4590132,
              9.1020013
            ],
            [
              -79.4593178,
              9.1017393
            ],
            [
              -79.4596498,
              9.1016143
            ],
            [
              -79.4604026,
              9.1014037
            ],
            [
              -79.4605919,
              9.1013225
            ],
            [
              -79.4608457,
              9.1012033
            ],
            [
              -79.4610535,
              9.1009933
            ],
            [
              -79.4609995,
              9.1008073
            ],
            [
              -79.4608534,
              9.1007224
            ],
            [
              -79.4608001,
              9.1005085
            ],
            [
              -79.460971,
              9.1000524
            ],
            [
              -79.4610938,
              9.0997607
            ],
            [
              -79.4612551,
              9.099653
            ],
            [
              -79.4624257,
              9.0994282
            ],
            [
              -79.4624602,
              9.0994216
            ],
            [
              -79.4627504,
              9.099395
            ],
            [
              -79.4630041,
              9.0993718
            ],
            [
              -79.4630624,
              9.0992482
            ],
            [
              -79.4631816,
              9.0991646
            ],
            [
              -79.4631986,
              9.0990813
            ],
            [
              -79.4632073,
              9.0989943
            ],
            [
              -79.4632129,
              9.0989384
            ],
            [
              -79.4631753,
              9.0986535
            ],
            [
              -79.4628677,
              9.0982629
            ],
            [
              -79.4626615,
              9.0978673
            ],
            [
              -79.4626535,
              9.0977677
            ],
            [
              -79.462589,
              9.0969632
            ],
            [
              -79.4625836,
              9.0968961
            ],
            [
              -79.4626358,
              9.0962997
            ],
            [
              -79.4626324,
              9.0961265
            ],
            [
              -79.46223,
              9.0959395
            ],
            [
              -79.4621905,
              9.0959211
            ],
            [
              -79.4618078,
              9.0958289
            ],
            [
              -79.4612931,
              9.0960192
            ],
            [
              -79.4612594,
              9.0960317
            ],
            [
              -79.4608468,
              9.0959662
            ],
            [
              -79.4598238,
              9.0954956
            ],
            [
              -79.4599405,
              9.0952161
            ],
            [
              -79.4600329,
              9.0949806
            ],
            [
              -79.4600319,
              9.0948096
            ],
            [
              -79.4601013,
              9.0944255
            ],
            [
              -79.4600884,
              9.0943051
            ],
            [
              -79.4600705,
              9.0941337
            ],
            [
              -79.4599311,
              9.0939623
            ],
            [
              -79.4599209,
              9.0939355
            ],
            [
              -79.4596862,
              9.0936787
            ],
            [
              -79.4595869,
              9.0934219
            ],
            [
              -79.4598758,
              9.0932935
            ],
            [
              -79.4600563,
              9.0929956
            ],
            [
              -79.4602258,
              9.0927159
            ],
            [
              -79.4602739,
              9.0926227
            ],
            [
              -79.4603289,
              9.0925242
            ],
            [
              -79.4603176,
              9.0924006
            ],
            [
              -79.4597712,
              9.0918355
            ],
            [
              -79.4596659,
              9.091656
            ],
            [
              -79.4593234,
              9.0913923
            ],
            [
              -79.4591041,
              9.0912963
            ],
            [
              -79.4588443,
              9.0912125
            ],
            [
              -79.458493,
              9.091234
            ],
            [
              -79.4581893,
              9.0912052
            ],
            [
              -79.4577922,
              9.0905676
            ],
            [
              -79.4577665,
              9.090538
            ],
            [
              -79.456859,
              9.0898999
            ],
            [
              -79.4566348,
              9.0897038
            ],
            [
              -79.4545449,
              9.0878577
            ],
            [
              -79.4542121,
              9.087345
            ],
            [
              -79.4540619,
              9.0865788
            ],
            [
              -79.4537979,
              9.0855236
            ],
            [
              -79.4537705,
              9.0854494
            ],
            [
              -79.4530514,
              9.0841464
            ],
            [
              -79.4529464,
              9.0839562
            ],
            [
              -79.452327,
              9.0828526
            ],
            [
              -79.452197,
              9.0825842
            ],
            [
              -79.4520545,
              9.0823532
            ],
            [
              -79.4520156,
              9.0821842
            ],
            [
              -79.4518355,
              9.0819946
            ],
            [
              -79.4516957,
              9.0819786
            ],
            [
              -79.4514415,
              9.0819437
            ],
            [
              -79.4513713,
              9.0818353
            ],
            [
              -79.451305,
              9.0817479
            ],
            [
              -79.4510957,
              9.0816645
            ],
            [
              -79.4509567,
              9.0816091
            ],
            [
              -79.4508256,
              9.0816104
            ],
            [
              -79.4506699,
              9.0816027
            ],
            [
              -79.4502073,
              9.081748
            ],
            [
              -79.4496223,
              9.0819105
            ],
            [
              -79.4492705,
              9.081989
            ],
            [
              -79.4491591,
              9.0820139
            ],
            [
              -79.4483158,
              9.0822342
            ],
            [
              -79.4481867,
              9.0822679
            ],
            [
              -79.4479715,
              9.0823876
            ],
            [
              -79.4477548,
              9.082508
            ],
            [
              -79.447334,
              9.082766
            ],
            [
              -79.4470669,
              9.082978
            ],
            [
              -79.4467878,
              9.0830298
            ],
            [
              -79.4467072,
              9.0829821
            ],
            [
              -79.4465524,
              9.0828337
            ],
            [
              -79.4464267,
              9.0825427
            ],
            [
              -79.4464162,
              9.0821852
            ],
            [
              -79.4461369,
              9.081631
            ],
            [
              -79.4457054,
              9.0812413
            ],
            [
              -79.4446907,
              9.0805398
            ],
            [
              -79.4442071,
              9.0801545
            ],
            [
              -79.4437844,
              9.0797528
            ],
            [
              -79.4433797,
              9.0792728
            ],
            [
              -79.4430031,
              9.078636
            ],
            [
              -79.4421802,
              9.0769777
            ],
            [
              -79.4418757,
              9.0754838
            ],
            [
              -79.4411804,
              9.0738327
            ],
            [
              -79.4409403,
              9.0730188
            ],
            [
              -79.4407652,
              9.0721086
            ],
            [
              -79.4407019,
              9.0717636
            ],
            [
              -79.4405721,
              9.0711292
            ],
            [
              -79.4404092,
              9.0704094
            ],
            [
              -79.440215,
              9.0701369
            ],
            [
              -79.4396628,
              9.069691
            ],
            [
              -79.4390711,
              9.0692924
            ],
            [
              -79.4386199,
              9.0692481
            ],
            [
              -79.4383474,
              9.0692864
            ],
            [
              -79.4380931,
              9.069316
            ],
            [
              -79.437855,
              9.0692772
            ],
            [
              -79.4371787,
              9.0690244
            ],
            [
              -79.437008,
              9.0688721
            ],
            [
              -79.4369512,
              9.0687433
            ],
            [
              -79.4369683,
              9.0685903
            ],
            [
              -79.437056,
              9.0684081
            ],
            [
              -79.437086,
              9.0681476
            ],
            [
              -79.4370895,
              9.0674962
            ],
            [
              -79.4370527,
              9.0673142
            ],
            [
              -79.4368803,
              9.066907
            ],
            [
              -79.4366358,
              9.0664681
            ],
            [
              -79.4366054,
              9.0661784
            ],
            [
              -79.4366224,
              9.0660111
            ],
            [
              -79.4364451,
              9.0657266
            ],
            [
              -79.4363743,
              9.0654734
            ],
            [
              -79.4365826,
              9.0649016
            ],
            [
              -79.4369117,
              9.0644672
            ],
            [
              -79.4369362,
              9.0640762
            ],
            [
              -79.4369378,
              9.0632069
            ],
            [
              -79.4369856,
              9.0628212
            ],
            [
              -79.4369621,
              9.0624793
            ],
            [
              -79.4370245,
              9.0622284
            ],
            [
              -79.4371918,
              9.0618493
            ],
            [
              -79.4372598,
              9.0613432
            ],
            [
              -79.4372562,
              9.0613189
            ],
            [
              -79.4372015,
              9.0609466
            ],
            [
              -79.4371868,
              9.0607742
            ],
            [
              -79.4372018,
              9.0605439
            ],
            [
              -79.4373009,
              9.0601285
            ],
            [
              -79.4375967,
              9.0594953
            ],
            [
              -79.4377337,
              9.0590673
            ],
            [
              -79.4378162,
              9.058635
            ],
            [
              -79.4379939,
              9.0582994
            ],
            [
              -79.4381062,
              9.0581251
            ],
            [
              -79.4382666,
              9.0578596
            ],
            [
              -79.4383637,
              9.0576413
            ],
            [
              -79.4384392,
              9.0575211
            ],
            [
              -79.4386431,
              9.0574055
            ],
            [
              -79.4386819,
              9.0573865
            ],
            [
              -79.4388954,
              9.0572775
            ],
            [
              -79.4391705,
              9.0572689
            ],
            [
              -79.4395388,
              9.0573691
            ],
            [
              -79.4397633,
              9.0573355
            ],
            [
              -79.4399553,
              9.0572777
            ],
            [
              -79.4400953,
              9.0571082
            ],
            [
              -79.4401361,
              9.0568782
            ],
            [
              -79.4401391,
              9.0567299
            ],
            [
              -79.4401667,
              9.0565818
            ],
            [
              -79.4402222,
              9.0564196
            ],
            [
              -79.4402834,
              9.0563031
            ],
            [
              -79.4403547,
              9.0560821
            ],
            [
              -79.4403666,
              9.0559985
            ],
            [
              -79.440395,
              9.0558589
            ],
            [
              -79.4404188,
              9.0556317
            ],
            [
              -79.4403962,
              9.0554975
            ],
            [
              -79.4403371,
              9.0551473
            ],
            [
              -79.4402857,
              9.0549616
            ],
            [
              -79.4401851,
              9.0548771
            ],
            [
              -79.4401458,
              9.0547884
            ],
            [
              -79.4400992,
              9.054591
            ],
            [
              -79.4400648,
              9.0545453
            ],
            [
              -79.440028,
              9.0544964
            ],
            [
              -79.4399953,
              9.054449
            ],
            [
              -79.4398476,
              9.0542198
            ]
          ]
        ]
      },
      "id": "relation/11378457"
    },
    {
      "type": "Feature",
      "properties": {
        "@id": "relation/11380922",
        "admin_level": "8",
        "boundary": "administrative",
        "name": "Parque Lefevre",
        "official_name": "Corregimiento Parque Lefevre",
        "type": "boundary",
        "wikidata": "Q49095774"
      },
      "geometry": {
        "type": "Polygon",
        "coordinates": [
          [
            [
              -79.4754761,
              9.0312951
            ],
            [
              -79.4760892,
              9.0306868
            ],
            [
              -79.4766404,
              9.0301649
            ],
            [
              -79.476792,
              9.030055
            ],
            [
              -79.4777307,
              9.0294457
            ],
            [
              -79.4787264,
              9.0288029
            ],
            [
              -79.4791621,
              9.0285216
            ],
            [
              -79.4795391,
              9.028284
            ],
            [
              -79.4796255,
              9.0282298
            ],
            [
              -79.4802332,
              9.0278484
            ],
            [
              -79.4806087,
              9.0276471
            ],
            [
              -79.4820263,
              9.0269424
            ],
            [
              -79.4837603,
              9.0260921
            ],
            [
              -79.4844416,
              9.0257703
            ],
            [
              -79.4845824,
              9.0256815
            ],
            [
              -79.4847179,
              9.0255875
            ],
            [
              -79.4849512,
              9.0254179
            ],
            [
              -79.4852785,
              9.0251756
            ],
            [
              -79.4859973,
              9.0246179
            ],
            [
              -79.486857,
              9.0239583
            ],
            [
              -79.4873684,
              9.0236578
            ],
            [
              -79.4874869,
              9.0235539
            ],
            [
              -79.4875664,
              9.0234847
            ],
            [
              -79.4876638,
              9.0233955
            ],
            [
              -79.4877553,
              9.0233227
            ],
            [
              -79.4878757,
              9.023227
            ],
            [
              -79.4879231,
              9.0231387
            ],
            [
              -79.4881579,
              9.0229582
            ],
            [
              -79.4883546,
              9.0228056
            ],
            [
              -79.4886449,
              9.0225803
            ],
            [
              -79.488873,
              9.0224033
            ],
            [
              -79.4890406,
              9.0222732
            ],
            [
              -79.4894796,
              9.0219333
            ],
            [
              -79.489653,
              9.0217999
            ],
            [
              -79.489818,
              9.0216727
            ],
            [
              -79.4898547,
              9.0216444
            ],
            [
              -79.4906462,
              9.0210341
            ],
            [
              -79.490831,
              9.020883
            ],
            [
              -79.4909402,
              9.0207867
            ],
            [
              -79.4910603,
              9.0206648
            ],
            [
              -79.4912604,
              9.0204619
            ],
            [
              -79.4912949,
              9.0204171
            ],
            [
              -79.4914166,
              9.0202594
            ],
            [
              -79.491851,
              9.0196738
            ],
            [
              -79.4920505,
              9.0194042
            ],
            [
              -79.4922292,
              9.0191833
            ],
            [
              -79.4924155,
              9.0189761
            ],
            [
              -79.4924994,
              9.0188886
            ],
            [
              -79.4925727,
              9.0188158
            ],
            [
              -79.4926355,
              9.018757
            ],
            [
              -79.4926714,
              9.0187213
            ],
            [
              -79.4929032,
              9.0185103
            ],
            [
              -79.4930944,
              9.01836
            ],
            [
              -79.4934331,
              9.0181058
            ],
            [
              -79.4939982,
              9.0177527
            ],
            [
              -79.4947087,
              9.0173386
            ],
            [
              -79.4948791,
              9.0172449
            ],
            [
              -79.4956378,
              9.0168013
            ],
            [
              -79.4964237,
              9.0163402
            ],
            [
              -79.496572,
              9.0162539
            ],
            [
              -79.4970879,
              9.0159526
            ],
            [
              -79.4971031,
              9.0159438
            ],
            [
              -79.4973835,
              9.0157757
            ],
            [
              -79.497467,
              9.0157239
            ],
            [
              -79.4980047,
              9.0153587
            ],
            [
              -79.4980255,
              9.015344
            ],
            [
              -79.4982314,
              9.0151984
            ],
            [
              -79.4984276,
              9.0150596
            ],
            [
              -79.4985114,
              9.0150004
            ],
            [
              -79.4989003,
              9.0147275
            ],
            [
              -79.4990903,
              9.014591
            ],
            [
              -79.4992885,
              9.0144549
            ],
            [
              -79.4993334,
              9.0144235
            ],
            [
              -79.4993534,
              9.0144092
            ],
            [
              -79.499573,
              9.0142559
            ],
            [
              -79.4996282,
              9.0142186
            ],
            [
              -79.4997171,
              9.0141586
            ],
            [
              -79.4998974,
              9.0140367
            ],
            [
              -79.5001025,
              9.013891
            ],
            [
              -79.5002531,
              9.0137839
            ],
            [
              -79.500564,
              9.0135619
            ],
            [
              -79.5009229,
              9.0133118
            ],
            [
              -79.5009978,
              9.0132594
            ],
            [
              -79.5011775,
              9.0131329
            ],
            [
              -79.5013693,
              9.0129996
            ],
            [
              -79.5015328,
              9.0128852
            ],
            [
              -79.501573,
              9.0128571
            ],
            [
              -79.5016908,
              9.0127747
            ],
            [
              -79.502047,
              9.0125255
            ],
            [
              -79.5021005,
              9.01249
            ],
            [
              -79.5027215,
              9.0120539
            ],
            [
              -79.5034088,
              9.0115578
            ],
            [
              -79.5034957,
              9.0114951
            ],
            [
              -79.5037106,
              9.0113426
            ],
            [
              -79.5038023,
              9.0112806
            ],
            [
              -79.5045361,
              9.0107847
            ],
            [
              -79.5048777,
              9.0105257
            ],
            [
              -79.505303,
              9.0102275
            ],
            [
              -79.505527,
              9.0100705
            ],
            [
              -79.5056485,
              9.0099788
            ],
            [
              -79.5058881,
              9.0098001
            ],
            [
              -79.5059605,
              9.0097498
            ],
            [
              -79.5060337,
              9.0096879
            ],
            [
              -79.5060829,
              9.0096463
            ],
            [
              -79.5062057,
              9.0095425
            ],
            [
              -79.5063141,
              9.0094439
            ],
            [
              -79.5063977,
              9.0093678
            ],
            [
              -79.5064178,
              9.0093495
            ],
            [
              -79.5065251,
              9.0092541
            ],
            [
              -79.5066307,
              9.0091587
            ],
            [
              -79.5067682,
              9.0090345
            ],
            [
              -79.5069528,
              9.0088678
            ],
            [
              -79.5070092,
              9.0088171
            ],
            [
              -79.5070454,
              9.0087846
            ],
            [
              -79.5070728,
              9.0087594
            ],
            [
              -79.5073118,
              9.0085418
            ],
            [
              -79.5072048,
              9.0084267
            ],
            [
              -79.5071433,
              9.0082688
            ],
            [
              -79.5065118,
              9.0065893
            ],
            [
              -79.5057595,
              9.0044621
            ],
            [
              -79.5056196,
              9.0040834
            ],
            [
              -79.5054853,
              9.0037204
            ],
            [
              -79.5054283,
              9.0036178
            ],
            [
              -79.5053646,
              9.0035287
            ],
            [
              -79.5052848,
              9.0034615
            ],
            [
              -79.5051306,
              9.0033687
            ],
            [
              -79.5050042,
              9.0033033
            ],
            [
              -79.5048623,
              9.0032469
            ],
            [
              -79.5047189,
              9.0032111
            ],
            [
              -79.5041597,
              9.0032273
            ],
            [
              -79.5038121,
              9.0032463
            ],
            [
              -79.503401,
              9.0032688
            ],
            [
              -79.5028157,
              9.0033011
            ],
            [
              -79.502258,
              9.0033317
            ],
            [
              -79.5023025,
              9.0029307
            ],
            [
              -79.502323,
              9.0027455
            ],
            [
              -79.5023208,
              9.0026148
            ],
            [
              -79.5022966,
              9.0025084
            ],
            [
              -79.5022653,
              9.0023892
            ],
            [
              -79.5021854,
              9.0022025
            ],
            [
              -79.5020469,
              9.0018934
            ],
            [
              -79.5019756,
              9.0017824
            ],
            [
              -79.5019571,
              9.0017433
            ],
            [
              -79.5018849,
              9.0016845
            ],
            [
              -79.5018218,
              9.0016508
            ],
            [
              -79.5017455,
              9.0016296
            ],
            [
              -79.501656,
              9.0016229
            ],
            [
              -79.5009546,
              9.0018545
            ],
            [
              -79.5008414,
              9.0018926
            ],
            [
              -79.500755,
              9.0019292
            ],
            [
              -79.5006654,
              9.0019762
            ],
            [
              -79.5005911,
              9.0020295
            ],
            [
              -79.500143,
              9.0023244
            ],
            [
              -79.4999135,
              9.0024643
            ],
            [
              -79.4998432,
              9.0024765
            ],
            [
              -79.4997982,
              9.0024817
            ],
            [
              -79.4997559,
              9.0024826
            ],
            [
              -79.4996925,
              9.0024817
            ],
            [
              -79.4995941,
              9.0024719
            ],
            [
              -79.4994401,
              9.0024542
            ],
            [
              -79.4992993,
              9.0024342
            ],
            [
              -79.499023,
              9.0024144
            ],
            [
              -79.4988996,
              9.0024409
            ],
            [
              -79.4983715,
              9.0026734
            ],
            [
              -79.4983131,
              9.0026997
            ],
            [
              -79.4981923,
              9.002754
            ],
            [
              -79.4977013,
              9.003001
            ],
            [
              -79.49758,
              9.0030568
            ],
            [
              -79.4971122,
              9.0032825
            ],
            [
              -79.4969478,
              9.0033502
            ],
            [
              -79.4967303,
              9.0033968
            ],
            [
              -79.4966253,
              9.0034107
            ],
            [
              -79.496438,
              9.0034396
            ],
            [
              -79.4963568,
              9.0034356
            ],
            [
              -79.4961919,
              9.0034138
            ],
            [
              -79.4960061,
              9.0033568
            ],
            [
              -79.4958922,
              9.0032979
            ],
            [
              -79.4958809,
              9.0032918
            ],
            [
              -79.4957855,
              9.0032402
            ],
            [
              -79.495669,
              9.00323
            ],
            [
              -79.4955585,
              9.0032472
            ],
            [
              -79.4954543,
              9.0033429
            ],
            [
              -79.4953642,
              9.0034614
            ],
            [
              -79.495259,
              9.0035564
            ],
            [
              -79.4951664,
              9.0036041
            ],
            [
              -79.4946855,
              9.0037985
            ],
            [
              -79.4945958,
              9.0034317
            ],
            [
              -79.494613,
              9.0032402
            ],
            [
              -79.494645,
              9.0030488
            ],
            [
              -79.4944141,
              9.0028501
            ],
            [
              -79.4941923,
              9.0028525
            ],
            [
              -79.4938661,
              9.0028912
            ],
            [
              -79.4936866,
              9.00301
            ],
            [
              -79.493469,
              9.0032234
            ],
            [
              -79.4933231,
              9.0033859
            ],
            [
              -79.4932072,
              9.0035391
            ],
            [
              -79.4930947,
              9.0036927
            ],
            [
              -79.4929466,
              9.0039679
            ],
            [
              -79.4929301,
              9.0040867
            ],
            [
              -79.4928338,
              9.0042376
            ],
            [
              -79.4927151,
              9.0043856
            ],
            [
              -79.4925889,
              9.0044792
            ],
            [
              -79.491662,
              9.0051054
            ],
            [
              -79.4915234,
              9.0051455
            ],
            [
              -79.4913896,
              9.0051641
            ],
            [
              -79.4911508,
              9.0051687
            ],
            [
              -79.4908831,
              9.004959
            ],
            [
              -79.4903759,
              9.0047517
            ],
            [
              -79.4897145,
              9.0044983
            ],
            [
              -79.4885438,
              9.0040397
            ],
            [
              -79.4873506,
              9.0040417
            ],
            [
              -79.4865223,
              9.0041749
            ],
            [
              -79.4854579,
              9.004407
            ],
            [
              -79.4843112,
              9.0047348
            ],
            [
              -79.483608,
              9.0050132
            ],
            [
              -79.4832618,
              9.0053398
            ],
            [
              -79.4831842,
              9.0057187
            ],
            [
              -79.4832428,
              9.0060753
            ],
            [
              -79.4831919,
              9.0062759
            ],
            [
              -79.482883,
              9.0066201
            ],
            [
              -79.4830158,
              9.0072922
            ],
            [
              -79.483152,
              9.0074119
            ],
            [
              -79.4831868,
              9.0077006
            ],
            [
              -79.4829977,
              9.0078503
            ],
            [
              -79.4828757,
              9.0079152
            ],
            [
              -79.4827268,
              9.0080516
            ],
            [
              -79.4824653,
              9.0080689
            ],
            [
              -79.4823517,
              9.0080634
            ],
            [
              -79.4822341,
              9.008013
            ],
            [
              -79.4821265,
              9.0079668
            ],
            [
              -79.4819599,
              9.0079757
            ],
            [
              -79.4817891,
              9.0079564
            ],
            [
              -79.4815927,
              9.0078153
            ],
            [
              -79.4810759,
              9.0073589
            ],
            [
              -79.4807648,
              9.0071523
            ],
            [
              -79.480459,
              9.0070092
            ],
            [
              -79.4802006,
              9.0068853
            ],
            [
              -79.4798345,
              9.0068286
            ],
            [
              -79.4796167,
              9.0067941
            ],
            [
              -79.479092,
              9.0067596
            ],
            [
              -79.4783179,
              9.006685
            ],
            [
              -79.4774596,
              9.0063069
            ],
            [
              -79.4767348,
              9.0060558
            ],
            [
              -79.4755082,
              9.0060756
            ],
            [
              -79.4739395,
              9.0063384
            ],
            [
              -79.4729566,
              9.0067026
            ],
            [
              -79.4721642,
              9.0071296
            ],
            [
              -79.4716464,
              9.0074526
            ],
            [
              -79.4713968,
              9.0077723
            ],
            [
              -79.4713275,
              9.0079109
            ],
            [
              -79.4714122,
              9.0080555
            ],
            [
              -79.4712377,
              9.0083159
            ],
            [
              -79.4709278,
              9.0085633
            ],
            [
              -79.4705476,
              9.0088382
            ],
            [
              -79.4703032,
              9.0089631
            ],
            [
              -79.4700317,
              9.0091434
            ],
            [
              -79.469866,
              9.0091578
            ],
            [
              -79.4695924,
              9.0092187
            ],
            [
              -79.4694182,
              9.00941
            ],
            [
              -79.4694074,
              9.0095021
            ],
            [
              -79.4694147,
              9.0095802
            ],
            [
              -79.4692524,
              9.0095838
            ],
            [
              -79.469173,
              9.0095856
            ],
            [
              -79.4692363,
              9.0111667
            ],
            [
              -79.4693193,
              9.0121992
            ],
            [
              -79.4693047,
              9.013368
            ],
            [
              -79.4693577,
              9.0145175
            ],
            [
              -79.4693807,
              9.0152255
            ],
            [
              -79.4693378,
              9.0160987
            ],
            [
              -79.4694236,
              9.016887
            ],
            [
              -79.4694477,
              9.0170536
            ],
            [
              -79.4695438,
              9.0177178
            ],
            [
              -79.4696526,
              9.0189713
            ],
            [
              -79.4695839,
              9.0192552
            ],
            [
              -79.4695155,
              9.0197116
            ],
            [
              -79.4695366,
              9.0200596
            ],
            [
              -79.469664,
              9.0203456
            ],
            [
              -79.46987,
              9.0206423
            ],
            [
              -79.4708656,
              9.0216595
            ],
            [
              -79.4718355,
              9.02277
            ],
            [
              -79.4732774,
              9.0244484
            ],
            [
              -79.475497,
              9.0268147
            ],
            [
              -79.4756172,
              9.0272131
            ],
            [
              -79.4757036,
              9.0279204
            ],
            [
              -79.475655,
              9.028778
            ],
            [
              -79.4755598,
              9.0293667
            ],
            [
              -79.475248,
              9.0308992
            ],
            [
              -79.4753434,
              9.0310927
            ],
            [
              -79.4754761,
              9.0312951
            ]
          ]
        ]
      },
      "id": "relation/11380922"
    },
    {
      "type": "Feature",
      "properties": {
        "@id": "relation/11381034",
        "admin_level": "8",
        "boundary": "administrative",
        "name": "San Francisco",
        "official_name": "Corregimiento San Francisco",
        "type": "boundary",
        "wikidata": "Q6118749"
      },
      "geometry": {
        "type": "MultiPolygon",
        "coordinates": [
          [
            [
              [
                -79.5042985,
                8.9710558
              ],
              [
                -79.5043868,
                8.9710206
              ],
              [
                -79.5044195,
                8.9708636
              ],
              [
                -79.5044264,
                8.9707675
              ],
              [
                -79.5044143,
                8.970629
              ],
              [
                -79.5043991,
                8.970534
              ],
              [
                -79.5043861,
                8.9704376
              ],
              [
                -79.5043661,
                8.9703498
              ],
              [
                -79.5043336,
                8.9702612
              ],
              [
                -79.5042923,
                8.9701744
              ],
              [
                -79.5041815,
                8.970033
              ],
              [
                -79.5040371,
                8.9699143
              ],
              [
                -79.5039024,
                8.9698211
              ],
              [
                -79.5037678,
                8.9697403
              ],
              [
                -79.5035569,
                8.96963
              ],
              [
                -79.5034511,
                8.9695703
              ],
              [
                -79.5033452,
                8.9695019
              ],
              [
                -79.5032384,
                8.9694283
              ],
              [
                -79.503137,
                8.9693476
              ],
              [
                -79.5031058,
                8.9693057
              ],
              [
                -79.5030835,
                8.9692621
              ],
              [
                -79.503053,
                8.9691662
              ],
              [
                -79.5030384,
                8.9690816
              ],
              [
                -79.5030398,
                8.9689917
              ],
              [
                -79.5031306,
                8.9683236
              ],
              [
                -79.5031316,
                8.9682676
              ],
              [
                -79.5031255,
                8.9682133
              ],
              [
                -79.5030859,
                8.9680117
              ],
              [
                -79.5030588,
                8.9679172
              ],
              [
                -79.5030223,
                8.9678274
              ],
              [
                -79.5028468,
                8.9675151
              ],
              [
                -79.5028162,
                8.9674459
              ],
              [
                -79.5027902,
                8.9673737
              ],
              [
                -79.5027696,
                8.9673045
              ],
              [
                -79.5027537,
                8.9672354
              ],
              [
                -79.5027601,
                8.9666888
              ],
              [
                -79.5027497,
                8.9666088
              ],
              [
                -79.5027302,
                8.9665398
              ],
              [
                -79.502657,
                8.9663621
              ],
              [
                -79.502535,
                8.9662035
              ],
              [
                -79.5024376,
                8.9661379
              ],
              [
                -79.5023123,
                8.9660664
              ],
              [
                -79.502166,
                8.9660206
              ],
              [
                -79.5020012,
                8.9660174
              ],
              [
                -79.5018235,
                8.9660638
              ],
              [
                -79.5016607,
                8.9661571
              ],
              [
                -79.5015287,
                8.9662747
              ],
              [
                -79.501414,
                8.9664246
              ],
              [
                -79.5013541,
                8.9665632
              ],
              [
                -79.5013271,
                8.9667241
              ],
              [
                -79.5013379,
                8.9668896
              ],
              [
                -79.501402,
                8.9671517
              ],
              [
                -79.5014503,
                8.9673873
              ],
              [
                -79.5014482,
                8.9675228
              ],
              [
                -79.5014027,
                8.9676688
              ],
              [
                -79.5013265,
                8.9677967
              ],
              [
                -79.5012376,
                8.9679195
              ],
              [
                -79.5011795,
                8.9680423
              ],
              [
                -79.5011491,
                8.9681006
              ],
              [
                -79.5011298,
                8.9682086
              ],
              [
                -79.5011325,
                8.9683058
              ],
              [
                -79.5011542,
                8.9684327
              ],
              [
                -79.5011904,
                8.9685651
              ],
              [
                -79.5012243,
                8.9686398
              ],
              [
                -79.501267,
                8.9687145
              ],
              [
                -79.501343,
                8.9687917
              ],
              [
                -79.5014349,
                8.9688637
              ],
              [
                -79.5015262,
                8.9689331
              ],
              [
                -79.5016016,
                8.9690095
              ],
              [
                -79.5016339,
                8.9690596
              ],
              [
                -79.5016574,
                8.9691097
              ],
              [
                -79.5016645,
                8.9691975
              ],
              [
                -79.5016557,
                8.969287
              ],
              [
                -79.5016217,
                8.9693427
              ],
              [
                -79.5015646,
                8.9694168
              ],
              [
                -79.5015158,
                8.9695221
              ],
              [
                -79.5014839,
                8.9696305
              ],
              [
                -79.5014827,
                8.969726
              ],
              [
                -79.5014978,
                8.9698215
              ],
              [
                -79.5015225,
                8.9699195
              ],
              [
                -79.5015675,
                8.9700115
              ],
              [
                -79.5016412,
                8.9701193
              ],
              [
                -79.5017333,
                8.9702151
              ],
              [
                -79.5018365,
                8.9702778
              ],
              [
                -79.5019498,
                8.9703143
              ],
              [
                -79.502051,
                8.9703368
              ],
              [
                -79.502146,
                8.9703773
              ],
              [
                -79.5023107,
                8.9705021
              ],
              [
                -79.5024611,
                8.9706449
              ],
              [
                -79.5025681,
                8.9707823
              ],
              [
                -79.5028397,
                8.9711888
              ],
              [
                -79.5029102,
                8.9712568
              ],
              [
                -79.5029912,
                8.9713133
              ],
              [
                -79.5030949,
                8.9713775
              ],
              [
                -79.5032103,
                8.9714318
              ],
              [
                -79.5033279,
                8.9714781
              ],
              [
                -79.5034505,
                8.9715013
              ],
              [
                -79.503573,
                8.9715105
              ],
              [
                -79.5036815,
                8.9714984
              ],
              [
                -79.503788,
                8.9714643
              ],
              [
                -79.5038782,
                8.9714372
              ],
              [
                -79.5039623,
                8.971394
              ],
              [
                -79.5040677,
                8.971323
              ],
              [
                -79.5041629,
                8.9712399
              ],
              [
                -79.5042399,
                8.9711549
              ],
              [
                -79.5042985,
                8.9710558
              ]
            ]
          ],
          [
            [
              [
                -79.5067973,
                8.9725332
              ],
              [
                -79.5069315,
                8.9724742
              ],
              [
                -79.5070901,
                8.97236
              ],
              [
                -79.5071778,
                8.9722668
              ],
              [
                -79.5072652,
                8.9721219
              ],
              [
                -79.5073412,
                8.9719157
              ],
              [
                -79.507356,
                8.9717293
              ],
              [
                -79.5073329,
                8.9715678
              ],
              [
                -79.5070671,
                8.9705138
              ],
              [
                -79.5070367,
                8.9703392
              ],
              [
                -79.5070358,
                8.9701698
              ],
              [
                -79.5070529,
                8.9700508
              ],
              [
                -79.5070914,
                8.9699504
              ],
              [
                -79.5071419,
                8.9698793
              ],
              [
                -79.5071985,
                8.9698202
              ],
              [
                -79.5073838,
                8.9696749
              ],
              [
                -79.5074662,
                8.9695973
              ],
              [
                -79.5075292,
                8.9694957
              ],
              [
                -79.5075824,
                8.969325
              ],
              [
                -79.5076012,
                8.9692391
              ],
              [
                -79.507606,
                8.9691532
              ],
              [
                -79.5075975,
                8.9690281
              ],
              [
                -79.5075772,
                8.9689099
              ],
              [
                -79.5075414,
                8.9688192
              ],
              [
                -79.5074868,
                8.9687356
              ],
              [
                -79.5073427,
                8.9685912
              ],
              [
                -79.5072996,
                8.9685321
              ],
              [
                -79.5072705,
                8.9684638
              ],
              [
                -79.5072564,
                8.9683925
              ],
              [
                -79.507254,
                8.9683213
              ],
              [
                -79.5072711,
                8.9682397
              ],
              [
                -79.5072975,
                8.9681604
              ],
              [
                -79.5073634,
                8.9680737
              ],
              [
                -79.5074387,
                8.9679869
              ],
              [
                -79.5074884,
                8.967862
              ],
              [
                -79.5075253,
                8.9677347
              ],
              [
                -79.5075363,
                8.9676483
              ],
              [
                -79.5075414,
                8.9675642
              ],
              [
                -79.5075229,
                8.9674443
              ],
              [
                -79.5074775,
                8.9673382
              ],
              [
                -79.5074221,
                8.9672539
              ],
              [
                -79.507361,
                8.9671834
              ],
              [
                -79.5072029,
                8.9670165
              ],
              [
                -79.507122,
                8.9669011
              ],
              [
                -79.5070492,
                8.9667818
              ],
              [
                -79.506979,
                8.9665996
              ],
              [
                -79.5069206,
                8.9663835
              ],
              [
                -79.5068653,
                8.9661991
              ],
              [
                -79.5068121,
                8.9660698
              ],
              [
                -79.5067164,
                8.9659214
              ],
              [
                -79.5066193,
                8.9658361
              ],
              [
                -79.5064802,
                8.9657821
              ],
              [
                -79.5063493,
                8.9657484
              ],
              [
                -79.5061931,
                8.9657444
              ],
              [
                -79.5060209,
                8.9657827
              ],
              [
                -79.5058962,
                8.9658434
              ],
              [
                -79.5057931,
                8.9659155
              ],
              [
                -79.5057178,
                8.9660046
              ],
              [
                -79.5056511,
                8.9661301
              ],
              [
                -79.5056034,
                8.9662435
              ],
              [
                -79.505568,
                8.9663722
              ],
              [
                -79.5056034,
                8.966636
              ],
              [
                -79.5056305,
                8.9667803
              ],
              [
                -79.5056327,
                8.966953
              ],
              [
                -79.5056331,
                8.9669862
              ],
              [
                -79.5056182,
                8.9671736
              ],
              [
                -79.5055169,
                8.9675392
              ],
              [
                -79.5055103,
                8.9676649
              ],
              [
                -79.5055199,
                8.9677905
              ],
              [
                -79.5055425,
                8.9679089
              ],
              [
                -79.5055834,
                8.9680252
              ],
              [
                -79.5056475,
                8.9681476
              ],
              [
                -79.5056797,
                8.9681995
              ],
              [
                -79.5057234,
                8.9682699
              ],
              [
                -79.5058879,
                8.9685168
              ],
              [
                -79.5059185,
                8.9685926
              ],
              [
                -79.5059445,
                8.9686752
              ],
              [
                -79.5059615,
                8.9687955
              ],
              [
                -79.5059602,
                8.9688998
              ],
              [
                -79.5059486,
                8.9689763
              ],
              [
                -79.5059228,
                8.9690569
              ],
              [
                -79.5055945,
                8.9697561
              ],
              [
                -79.5055338,
                8.9700585
              ],
              [
                -79.5055032,
                8.9704494
              ],
              [
                -79.5055009,
                8.9705119
              ],
              [
                -79.5054933,
                8.9706634
              ],
              [
                -79.505541,
                8.9712949
              ],
              [
                -79.5055618,
                8.9714069
              ],
              [
                -79.5055896,
                8.9715188
              ],
              [
                -79.50571,
                8.9719758
              ],
              [
                -79.505757,
                8.9721038
              ],
              [
                -79.5058242,
                8.9722251
              ],
              [
                -79.5059077,
                8.9723282
              ],
              [
                -79.5060367,
                8.9724344
              ],
              [
                -79.5061744,
                8.9725187
              ],
              [
                -79.5062817,
                8.972552
              ],
              [
                -79.5063889,
                8.9725714
              ],
              [
                -79.5065545,
                8.9725839
              ],
              [
                -79.5066522,
                8.9725736
              ],
              [
                -79.5067973,
                8.9725332
              ]
            ]
          ],
          [
            [
              [
                -79.495292,
                8.9921288
              ],
              [
                -79.4953698,
                8.9921394
              ],
              [
                -79.4953859,
                8.9922308
              ],
              [
                -79.4953913,
                8.9923977
              ],
              [
                -79.4953108,
                8.9925567
              ],
              [
                -79.4954315,
                8.9926626
              ],
              [
                -79.495649,
                8.992764
              ],
              [
                -79.4957305,
                8.9933481
              ],
              [
                -79.4965516,
                8.9932194
              ],
              [
                -79.4966442,
                8.9932761
              ],
              [
                -79.4966882,
                8.9933378
              ],
              [
                -79.496734,
                8.993357
              ],
              [
                -79.4967522,
                8.9935459
              ],
              [
                -79.4966921,
                8.993921
              ],
              [
                -79.496735,
                8.9942177
              ],
              [
                -79.4966733,
                8.9943767
              ],
              [
                -79.4965848,
                8.9945648
              ],
              [
                -79.4962764,
                8.9949834
              ],
              [
                -79.4960028,
                8.9951688
              ],
              [
                -79.495874,
                8.995243
              ],
              [
                -79.4956702,
                8.9953304
              ],
              [
                -79.4954985,
                8.9954443
              ],
              [
                -79.4952947,
                8.9955609
              ],
              [
                -79.495056,
                8.9956801
              ],
              [
                -79.494895,
                8.9957887
              ],
              [
                -79.4947341,
                8.9960166
              ],
              [
                -79.4944686,
                8.9961994
              ],
              [
                -79.4942379,
                8.996557
              ],
              [
                -79.4942299,
                8.9965755
              ],
              [
                -79.4941199,
                8.9966179
              ],
              [
                -79.4941199,
                8.9966868
              ],
              [
                -79.493975,
                8.9968643
              ],
              [
                -79.4940072,
                8.997018
              ],
              [
                -79.4940394,
                8.9971345
              ],
              [
                -79.494018,
                8.997259
              ],
              [
                -79.4939798,
                8.997525
              ],
              [
                -79.4942939,
                8.9978993
              ],
              [
                -79.4946015,
                8.9979727
              ],
              [
                -79.4948143,
                8.9980235
              ],
              [
                -79.4950839,
                8.9980878
              ],
              [
                -79.4952373,
                8.9977866
              ],
              [
                -79.4953294,
                8.9979672
              ],
              [
                -79.4954891,
                8.9981472
              ],
              [
                -79.4955507,
                8.9981964
              ],
              [
                -79.4957546,
                8.9987957
              ],
              [
                -79.495811,
                8.9993437
              ],
              [
                -79.4959171,
                8.9997034
              ],
              [
                -79.4958891,
                9.0000433
              ],
              [
                -79.495788,
                9.0001762
              ],
              [
                -79.4957795,
                9.0002315
              ],
              [
                -79.4957312,
                9.0003229
              ],
              [
                -79.4956522,
                9.0004265
              ],
              [
                -79.4954655,
                9.0009784
              ],
              [
                -79.4956882,
                9.0011321
              ],
              [
                -79.4957331,
                9.0013769
              ],
              [
                -79.4957287,
                9.0015609
              ],
              [
                -79.4956443,
                9.0018707
              ],
              [
                -79.4955939,
                9.0020152
              ],
              [
                -79.4954751,
                9.002257
              ],
              [
                -79.4954185,
                9.0023839
              ],
              [
                -79.4952394,
                9.0025917
              ],
              [
                -79.4947031,
                9.0030704
              ],
              [
                -79.494645,
                9.0030488
              ],
              [
                -79.494613,
                9.0032402
              ],
              [
                -79.4945958,
                9.0034317
              ],
              [
                -79.4946855,
                9.0037985
              ],
              [
                -79.4951664,
                9.0036041
              ],
              [
                -79.495259,
                9.0035564
              ],
              [
                -79.4953642,
                9.0034614
              ],
              [
                -79.4954543,
                9.0033429
              ],
              [
                -79.4955585,
                9.0032472
              ],
              [
                -79.495669,
                9.00323
              ],
              [
                -79.4957855,
                9.0032402
              ],
              [
                -79.4958809,
                9.0032918
              ],
              [
                -79.4958922,
                9.0032979
              ],
              [
                -79.4960061,
                9.0033568
              ],
              [
                -79.4961919,
                9.0034138
              ],
              [
                -79.4963568,
                9.0034356
              ],
              [
                -79.496438,
                9.0034396
              ],
              [
                -79.4966253,
                9.0034107
              ],
              [
                -79.4967303,
                9.0033968
              ],
              [
                -79.4969478,
                9.0033502
              ],
              [
                -79.4971122,
                9.0032825
              ],
              [
                -79.49758,
                9.0030568
              ],
              [
                -79.4977013,
                9.003001
              ],
              [
                -79.4981923,
                9.002754
              ],
              [
                -79.4983131,
                9.0026997
              ],
              [
                -79.4983715,
                9.0026734
              ],
              [
                -79.4988996,
                9.0024409
              ],
              [
                -79.499023,
                9.0024144
              ],
              [
                -79.4992993,
                9.0024342
              ],
              [
                -79.4994401,
                9.0024542
              ],
              [
                -79.4995941,
                9.0024719
              ],
              [
                -79.4996925,
                9.0024817
              ],
              [
                -79.4997559,
                9.0024826
              ],
              [
                -79.4997982,
                9.0024817
              ],
              [
                -79.4998432,
                9.0024765
              ],
              [
                -79.4999135,
                9.0024643
              ],
              [
                -79.500143,
                9.0023244
              ],
              [
                -79.5005911,
                9.0020295
              ],
              [
                -79.5006654,
                9.0019762
              ],
              [
                -79.500755,
                9.0019292
              ],
              [
                -79.5008414,
                9.0018926
              ],
              [
                -79.5009546,
                9.0018545
              ],
              [
                -79.501656,
                9.0016229
              ],
              [
                -79.5017455,
                9.0016296
              ],
              [
                -79.5018218,
                9.0016508
              ],
              [
                -79.5018849,
                9.0016845
              ],
              [
                -79.5019571,
                9.0017433
              ],
              [
                -79.5019756,
                9.0017824
              ],
              [
                -79.5020469,
                9.0018934
              ],
              [
                -79.5021854,
                9.0022025
              ],
              [
                -79.5022653,
                9.0023892
              ],
              [
                -79.5022966,
                9.0025084
              ],
              [
                -79.5023208,
                9.0026148
              ],
              [
                -79.502323,
                9.0027455
              ],
              [
                -79.5023025,
                9.0029307
              ],
              [
                -79.502258,
                9.0033317
              ],
              [
                -79.5028157,
                9.0033011
              ],
              [
                -79.503401,
                9.0032688
              ],
              [
                -79.5038121,
                9.0032463
              ],
              [
                -79.5041597,
                9.0032273
              ],
              [
                -79.5047189,
                9.0032111
              ],
              [
                -79.5048623,
                9.0032469
              ],
              [
                -79.5050042,
                9.0033033
              ],
              [
                -79.5051306,
                9.0033687
              ],
              [
                -79.5052848,
                9.0034615
              ],
              [
                -79.5053646,
                9.0035287
              ],
              [
                -79.5054283,
                9.0036178
              ],
              [
                -79.5054853,
                9.0037204
              ],
              [
                -79.5056196,
                9.0040834
              ],
              [
                -79.5057595,
                9.0044621
              ],
              [
                -79.5065118,
                9.0065893
              ],
              [
                -79.5071433,
                9.0082688
              ],
              [
                -79.5072048,
                9.0084267
              ],
              [
                -79.5073118,
                9.0085418
              ],
              [
                -79.5074089,
                9.0084465
              ],
              [
                -79.5075699,
                9.0082956
              ],
              [
                -79.5077277,
                9.008144
              ],
              [
                -79.507842,
                9.0080422
              ],
              [
                -79.5081585,
                9.0077601
              ],
              [
                -79.5082583,
                9.0076712
              ],
              [
                -79.5084606,
                9.0074909
              ],
              [
                -79.5085652,
                9.0073977
              ],
              [
                -79.5087352,
                9.0072462
              ],
              [
                -79.5088834,
                9.0071165
              ],
              [
                -79.508931,
                9.0070748
              ],
              [
                -79.5090394,
                9.0069776
              ],
              [
                -79.509255,
                9.0067829
              ],
              [
                -79.5093277,
                9.0067173
              ],
              [
                -79.5096103,
                9.0064622
              ],
              [
                -79.509936,
                9.0061682
              ],
              [
                -79.510207,
                9.0059223
              ],
              [
                -79.5105459,
                9.0056148
              ],
              [
                -79.5106795,
                9.0054954
              ],
              [
                -79.5111642,
                9.0050622
              ],
              [
                -79.5112345,
                9.0049993
              ],
              [
                -79.5115549,
                9.004723
              ],
              [
                -79.5116348,
                9.0046657
              ],
              [
                -79.5118279,
                9.0045509
              ],
              [
                -79.5119737,
                9.0044828
              ],
              [
                -79.5121868,
                9.0044088
              ],
              [
                -79.5122141,
                9.0044029
              ],
              [
                -79.5123966,
                9.0043688
              ],
              [
                -79.5124374,
                9.0043658
              ],
              [
                -79.5126224,
                9.004352
              ],
              [
                -79.5129699,
                9.0043694
              ],
              [
                -79.5131479,
                9.0043783
              ],
              [
                -79.5131881,
                9.0043803
              ],
              [
                -79.5134098,
                9.0043914
              ],
              [
                -79.5135824,
                9.0044001
              ],
              [
                -79.5137826,
                9.0044125
              ],
              [
                -79.5138462,
                9.0044131
              ],
              [
                -79.5141054,
                9.0043977
              ],
              [
                -79.5142695,
                9.0043742
              ],
              [
                -79.5144489,
                9.0043366
              ],
              [
                -79.5146851,
                9.0042484
              ],
              [
                -79.5148746,
                9.004131
              ],
              [
                -79.5150699,
                9.0039906
              ],
              [
                -79.5152241,
                9.0038883
              ],
              [
                -79.5153529,
                9.0037492
              ],
              [
                -79.5153755,
                9.0037203
              ],
              [
                -79.5154352,
                9.0036438
              ],
              [
                -79.5154462,
                9.0036278
              ],
              [
                -79.5155557,
                9.0034681
              ],
              [
                -79.5158567,
                9.0029228
              ],
              [
                -79.5159166,
                9.0028103
              ],
              [
                -79.5159979,
                9.0026573
              ],
              [
                -79.5160335,
                9.002589
              ],
              [
                -79.5161769,
                9.002316
              ],
              [
                -79.5162813,
                9.0021172
              ],
              [
                -79.5163153,
                9.0020524
              ],
              [
                -79.51643,
                9.0018327
              ],
              [
                -79.5164594,
                9.001778
              ],
              [
                -79.5165901,
                9.00153
              ],
              [
                -79.5166078,
                9.001496
              ],
              [
                -79.5168014,
                9.0011248
              ],
              [
                -79.5168283,
                9.0010748
              ],
              [
                -79.5168511,
                9.0010319
              ],
              [
                -79.5169335,
                9.0008733
              ],
              [
                -79.5171064,
                9.000556
              ],
              [
                -79.5171328,
                9.0005028
              ],
              [
                -79.5172271,
                9.0003301
              ],
              [
                -79.5172526,
                9.0002824
              ],
              [
                -79.5173275,
                9.0001483
              ],
              [
                -79.5176061,
                8.9996141
              ],
              [
                -79.518036,
                8.9987932
              ],
              [
                -79.5182167,
                8.9984555
              ],
              [
                -79.5182568,
                8.9983815
              ],
              [
                -79.5183891,
                8.998137
              ],
              [
                -79.5184838,
                8.9979441
              ],
              [
                -79.5185217,
                8.9978634
              ],
              [
                -79.5185945,
                8.9977083
              ],
              [
                -79.5186395,
                8.9976059
              ],
              [
                -79.5187195,
                8.9973915
              ],
              [
                -79.5187913,
                8.9971736
              ],
              [
                -79.5188488,
                8.9969837
              ],
              [
                -79.5188754,
                8.9968828
              ],
              [
                -79.5188967,
                8.9968019
              ],
              [
                -79.5189076,
                8.9967606
              ],
              [
                -79.5190186,
                8.9962123
              ],
              [
                -79.5191171,
                8.9957281
              ],
              [
                -79.5191221,
                8.9956936
              ],
              [
                -79.5191517,
                8.9955215
              ],
              [
                -79.519188,
                8.9953065
              ],
              [
                -79.5192283,
                8.9951294
              ],
              [
                -79.5192995,
                8.9948168
              ],
              [
                -79.5193266,
                8.9946973
              ],
              [
                -79.5194271,
                8.9943694
              ],
              [
                -79.5194917,
                8.9942247
              ],
              [
                -79.5195696,
                8.9938805
              ],
              [
                -79.5194806,
                8.9938407
              ],
              [
                -79.5194442,
                8.9938201
              ],
              [
                -79.5192929,
                8.9937347
              ],
              [
                -79.5191695,
                8.993642
              ],
              [
                -79.5190247,
                8.9935996
              ],
              [
                -79.518874,
                8.9935766
              ],
              [
                -79.518743,
                8.993499
              ],
              [
                -79.5185902,
                8.9933586
              ],
              [
                -79.5183568,
                8.9929611
              ],
              [
                -79.5180321,
                8.9924289
              ],
              [
                -79.5177506,
                8.9918723
              ],
              [
                -79.5175923,
                8.9916631
              ],
              [
                -79.5174261,
                8.9915464
              ],
              [
                -79.5172196,
                8.9915067
              ],
              [
                -79.5170425,
                8.9915544
              ],
              [
                -79.5166402,
                8.9915571
              ],
              [
                -79.5165409,
                8.9915014
              ],
              [
                -79.5164685,
                8.9913848
              ],
              [
                -79.5164471,
                8.9912179
              ],
              [
                -79.516431,
                8.9910246
              ],
              [
                -79.5163505,
                8.9909371
              ],
              [
                -79.516211,
                8.9908735
              ],
              [
                -79.5158408,
                8.9909615
              ],
              [
                -79.5157496,
                8.990935
              ],
              [
                -79.5156682,
                8.9908538
              ],
              [
                -79.5155463,
                8.9900157
              ],
              [
                -79.5153127,
                8.9896699
              ],
              [
                -79.5150944,
                8.9893212
              ],
              [
                -79.5149607,
                8.988992
              ],
              [
                -79.5149042,
                8.9887722
              ],
              [
                -79.5148502,
                8.9886937
              ],
              [
                -79.5147278,
                8.9886164
              ],
              [
                -79.5143844,
                8.9885475
              ],
              [
                -79.5139901,
                8.9884786
              ],
              [
                -79.5138346,
                8.9883832
              ],
              [
                -79.5137273,
                8.9882534
              ],
              [
                -79.5136307,
                8.9879911
              ],
              [
                -79.513439,
                8.9876349
              ],
              [
                -79.513291,
                8.9873214
              ],
              [
                -79.513281,
                8.9872457
              ],
              [
                -79.5132767,
                8.9872134
              ],
              [
                -79.5132548,
                8.9871635
              ],
              [
                -79.5132228,
                8.9871246
              ],
              [
                -79.5131817,
                8.9870954
              ],
              [
                -79.5128703,
                8.9869787
              ],
              [
                -79.5128272,
                8.9869418
              ],
              [
                -79.5128056,
                8.9869114
              ],
              [
                -79.5127903,
                8.9868775
              ],
              [
                -79.5127816,
                8.9868398
              ],
              [
                -79.5127808,
                8.986801
              ],
              [
                -79.5127887,
                8.98676
              ],
              [
                -79.5128054,
                8.9867216
              ],
              [
                -79.5128317,
                8.9866859
              ],
              [
                -79.5131599,
                8.9863345
              ],
              [
                -79.5133163,
                8.986039
              ],
              [
                -79.513313,
                8.9856
              ],
              [
                -79.5132665,
                8.9853776
              ],
              [
                -79.5132606,
                8.9853234
              ],
              [
                -79.5132727,
                8.9852667
              ],
              [
                -79.5132942,
                8.9852274
              ],
              [
                -79.5133248,
                8.9851946
              ],
              [
                -79.5133713,
                8.9851663
              ],
              [
                -79.5142332,
                8.9847513
              ],
              [
                -79.5156442,
                8.9839542
              ],
              [
                -79.5160865,
                8.9835698
              ],
              [
                -79.5163077,
                8.9829057
              ],
              [
                -79.5171203,
                8.9818368
              ],
              [
                -79.5174261,
                8.9816143
              ],
              [
                -79.51773,
                8.9813605
              ],
              [
                -79.5177694,
                8.9811957
              ],
              [
                -79.517764,
                8.9810102
              ],
              [
                -79.5175146,
                8.9804857
              ],
              [
                -79.5175226,
                8.9803082
              ],
              [
                -79.5175763,
                8.980128
              ],
              [
                -79.5182579,
                8.9792957
              ],
              [
                -79.5187875,
                8.9786858
              ],
              [
                -79.5188785,
                8.9785269
              ],
              [
                -79.5189637,
                8.978378
              ],
              [
                -79.5190895,
                8.9780258
              ],
              [
                -79.519273,
                8.9771185
              ],
              [
                -79.5192878,
                8.9770169
              ],
              [
                -79.5192853,
                8.9769143
              ],
              [
                -79.5192763,
                8.9768578
              ],
              [
                -79.519262,
                8.9767469
              ],
              [
                -79.519137,
                8.9765462
              ],
              [
                -79.5184644,
                8.9759186
              ],
              [
                -79.5183484,
                8.9757819
              ],
              [
                -79.5183255,
                8.9757286
              ],
              [
                -79.5183047,
                8.9756743
              ],
              [
                -79.5182861,
                8.9756193
              ],
              [
                -79.5182682,
                8.9755587
              ],
              [
                -79.518253,
                8.9754971
              ],
              [
                -79.5182405,
                8.9754349
              ],
              [
                -79.5182307,
                8.9753725
              ],
              [
                -79.5182251,
                8.9753254
              ],
              [
                -79.5182212,
                8.9752809
              ],
              [
                -79.5182187,
                8.9752363
              ],
              [
                -79.5182176,
                8.9751915
              ],
              [
                -79.5182178,
                8.9751468
              ],
              [
                -79.5182194,
                8.9751022
              ],
              [
                -79.5182223,
                8.9750579
              ],
              [
                -79.518229,
                8.9749938
              ],
              [
                -79.5182386,
                8.974929
              ],
              [
                -79.5182511,
                8.9748649
              ],
              [
                -79.5182614,
                8.9748207
              ],
              [
                -79.5182731,
                8.9747768
              ],
              [
                -79.5182877,
                8.9747287
              ],
              [
                -79.5183473,
                8.9745763
              ],
              [
                -79.5183054,
                8.974559
              ],
              [
                -79.51817,
                8.9743967
              ],
              [
                -79.5181874,
                8.9741124
              ],
              [
                -79.5181176,
                8.9739098
              ],
              [
                -79.5180136,
                8.973673
              ],
              [
                -79.5178756,
                8.9735326
              ],
              [
                -79.5178433,
                8.9734998
              ],
              [
                -79.5177906,
                8.9734461
              ],
              [
                -79.5177046,
                8.9733587
              ],
              [
                -79.5176593,
                8.9732622
              ],
              [
                -79.5176493,
                8.9730985
              ],
              [
                -79.5176477,
                8.9730385
              ],
              [
                -79.5176976,
                8.9729163
              ],
              [
                -79.5177797,
                8.9727936
              ],
              [
                -79.5178613,
                8.9726603
              ],
              [
                -79.5177835,
                8.9726022
              ],
              [
                -79.5178253,
                8.9725377
              ],
              [
                -79.5178491,
                8.9725083
              ],
              [
                -79.5178727,
                8.9724715
              ],
              [
                -79.5179212,
                8.9723405
              ],
              [
                -79.5179198,
                8.9721352
              ],
              [
                -79.5179485,
                8.9720132
              ],
              [
                -79.5180051,
                8.9718658
              ],
              [
                -79.5180453,
                8.9717829
              ],
              [
                -79.5183046,
                8.9715528
              ],
              [
                -79.5183342,
                8.9714704
              ],
              [
                -79.5183224,
                8.9713013
              ],
              [
                -79.5183141,
                8.971149
              ],
              [
                -79.5182626,
                8.9709916
              ],
              [
                -79.5182122,
                8.9708643
              ],
              [
                -79.5180695,
                8.9705844
              ],
              [
                -79.5180438,
                8.9705689
              ],
              [
                -79.5180846,
                8.9705345
              ],
              [
                -79.5180075,
                8.9704403
              ],
              [
                -79.5178714,
                8.9702493
              ],
              [
                -79.5176737,
                8.9701363
              ],
              [
                -79.5175658,
                8.9700149
              ],
              [
                -79.517472,
                8.9698553
              ],
              [
                -79.517379,
                8.9696919
              ],
              [
                -79.5171747,
                8.9696963
              ],
              [
                -79.5171388,
                8.9695749
              ],
              [
                -79.5169917,
                8.9696389
              ],
              [
                -79.5168968,
                8.9696983
              ],
              [
                -79.5168083,
                8.9698585
              ],
              [
                -79.5167418,
                8.9699731
              ],
              [
                -79.5167057,
                8.970133
              ],
              [
                -79.516728,
                8.9702364
              ],
              [
                -79.5168033,
                8.9704746
              ],
              [
                -79.5166518,
                8.9706418
              ],
              [
                -79.5165794,
                8.9706097
              ],
              [
                -79.5164841,
                8.9706057
              ],
              [
                -79.5163849,
                8.9706057
              ],
              [
                -79.5163152,
                8.9706123
              ],
              [
                -79.5161435,
                8.9705488
              ],
              [
                -79.5159856,
                8.9705725
              ],
              [
                -79.5158703,
                8.9705748
              ],
              [
                -79.5158523,
                8.9705356
              ],
              [
                -79.5157953,
                8.9705241
              ],
              [
                -79.5157607,
                8.9705402
              ],
              [
                -79.5157382,
                8.9705749
              ],
              [
                -79.5157001,
                8.9705796
              ],
              [
                -79.5156378,
                8.9705107
              ],
              [
                -79.5152601,
                8.9706429
              ],
              [
                -79.515104,
                8.9708427
              ],
              [
                -79.5147863,
                8.9712045
              ],
              [
                -79.5144551,
                8.9714999
              ],
              [
                -79.5143853,
                8.9717065
              ],
              [
                -79.5143373,
                8.9718034
              ],
              [
                -79.5142668,
                8.9719371
              ],
              [
                -79.5139845,
                8.9720286
              ],
              [
                -79.5137919,
                8.9721454
              ],
              [
                -79.5138314,
                8.9722033
              ],
              [
                -79.5138328,
                8.9723424
              ],
              [
                -79.5138153,
                8.9724205
              ],
              [
                -79.5137818,
                8.972451
              ],
              [
                -79.5136731,
                8.9725744
              ],
              [
                -79.5136195,
                8.9725822
              ],
              [
                -79.5135994,
                8.9725226
              ],
              [
                -79.5134707,
                8.9725437
              ],
              [
                -79.5133473,
                8.9725133
              ],
              [
                -79.5131944,
                8.9725477
              ],
              [
                -79.5129475,
                8.9726585
              ],
              [
                -79.5127273,
                8.9727153
              ],
              [
                -79.5126172,
                8.9728036
              ],
              [
                -79.5125802,
                8.9729359
              ],
              [
                -79.5123948,
                8.9731073
              ],
              [
                -79.5121527,
                8.9733335
              ],
              [
                -79.5121045,
                8.9734713
              ],
              [
                -79.5121314,
                8.9738703
              ],
              [
                -79.5121563,
                8.9744649
              ],
              [
                -79.5121423,
                8.9748356
              ],
              [
                -79.5121221,
                8.9749095
              ],
              [
                -79.5120267,
                8.9750228
              ],
              [
                -79.5118912,
                8.9750821
              ],
              [
                -79.5115946,
                8.9750301
              ],
              [
                -79.5115357,
                8.9749891
              ],
              [
                -79.5115069,
                8.9749126
              ],
              [
                -79.5114929,
                8.9748755
              ],
              [
                -79.5115144,
                8.97469
              ],
              [
                -79.5114876,
                8.9746158
              ],
              [
                -79.5114286,
                8.9745893
              ],
              [
                -79.5113803,
                8.9746953
              ],
              [
                -79.5113374,
                8.974841
              ],
              [
                -79.5113065,
                8.974894
              ],
              [
                -79.5112623,
                8.9749099
              ],
              [
                -79.5112274,
                8.9749099
              ],
              [
                -79.5111804,
                8.9748742
              ],
              [
                -79.5111536,
                8.9747205
              ],
              [
                -79.5111804,
                8.9744423
              ],
              [
                -79.5111898,
                8.9743913
              ],
              [
                -79.5112254,
                8.9741972
              ],
              [
                -79.5112361,
                8.9739535
              ],
              [
                -79.5112522,
                8.973821
              ],
              [
                -79.511271,
                8.9737601
              ],
              [
                -79.5113595,
                8.973768
              ],
              [
                -79.5114668,
                8.9737654
              ],
              [
                -79.5115606,
                8.9737495
              ],
              [
                -79.5115875,
                8.9737203
              ],
              [
                -79.5116277,
                8.9737203
              ],
              [
                -79.5116653,
                8.9737071
              ],
              [
                -79.5116572,
                8.9736727
              ],
              [
                -79.5116116,
                8.9736568
              ],
              [
                -79.5115714,
                8.9736329
              ],
              [
                -79.5114936,
                8.9736117
              ],
              [
                -79.5114051,
                8.9736038
              ],
              [
                -79.5113568,
                8.9735746
              ],
              [
                -79.5113367,
                8.9735349
              ],
              [
                -79.5112763,
                8.9735018
              ],
              [
                -79.5112254,
                8.9735203
              ],
              [
                -79.511165,
                8.9735707
              ],
              [
                -79.51116,
                8.9737505
              ],
              [
                -79.5111302,
                8.9741058
              ],
              [
                -79.5110779,
                8.9744052
              ],
              [
                -79.5110041,
                8.9746768
              ],
              [
                -79.5109223,
                8.9747443
              ],
              [
                -79.5108515,
                8.9748328
              ],
              [
                -79.5108475,
                8.9749428
              ],
              [
                -79.5108354,
                8.974952
              ],
              [
                -79.5107482,
                8.9749414
              ],
              [
                -79.5106986,
                8.9748646
              ],
              [
                -79.5103902,
                8.9749494
              ],
              [
                -79.5101756,
                8.9749454
              ],
              [
                -79.509784,
                8.9748527
              ],
              [
                -79.5096003,
                8.9748633
              ],
              [
                -79.5094353,
                8.9749096
              ],
              [
                -79.5091081,
                8.9750116
              ],
              [
                -79.5088358,
                8.9750646
              ],
              [
                -79.5086198,
                8.9751153
              ],
              [
                -79.5085231,
                8.9750887
              ],
              [
                -79.5084469,
                8.9750262
              ],
              [
                -79.5083758,
                8.974756
              ],
              [
                -79.5080432,
                8.9740632
              ],
              [
                -79.507889,
                8.9739016
              ],
              [
                -79.507775,
                8.9737929
              ],
              [
                -79.5076261,
                8.9737201
              ],
              [
                -79.5074478,
                8.9736022
              ],
              [
                -79.5073687,
                8.9735227
              ],
              [
                -79.5073016,
                8.9734816
              ],
              [
                -79.5071715,
                8.9734618
              ],
              [
                -79.5069771,
                8.9734684
              ],
              [
                -79.5068134,
                8.9735545
              ],
              [
                -79.5065171,
                8.9737254
              ],
              [
                -79.5063755,
                8.973993
              ],
              [
                -79.5063642,
                8.9740738
              ],
              [
                -79.5063253,
                8.9741744
              ],
              [
                -79.5062716,
                8.974246
              ],
              [
                -79.5061375,
                8.9743069
              ],
              [
                -79.5061576,
                8.9746487
              ],
              [
                -79.5062032,
                8.9746553
              ],
              [
                -79.5062207,
                8.9748447
              ],
              [
                -79.5062622,
                8.9750885
              ],
              [
                -79.5062381,
                8.9752885
              ],
              [
                -79.5062622,
                8.9755852
              ],
              [
                -79.5062824,
                8.9760422
              ],
              [
                -79.506281,
                8.9763814
              ],
              [
                -79.5063642,
                8.9764781
              ],
              [
                -79.5064077,
                8.9769708
              ],
              [
                -79.506399,
                8.97771
              ],
              [
                -79.506399,
                8.9781127
              ],
              [
                -79.506501,
                8.9791287
              ],
              [
                -79.5066337,
                8.980407
              ],
              [
                -79.5065989,
                8.9807899
              ],
              [
                -79.5065793,
                8.9809343
              ],
              [
                -79.5065922,
                8.9810866
              ],
              [
                -79.5065479,
                8.98128
              ],
              [
                -79.5060503,
                8.9816416
              ],
              [
                -79.5053382,
                8.9820947
              ],
              [
                -79.5046543,
                8.982553
              ],
              [
                -79.5046824,
                8.9825848
              ],
              [
                -79.5045966,
                8.9826431
              ],
              [
                -79.5045644,
                8.982602
              ],
              [
                -79.5041393,
                8.9829451
              ],
              [
                -79.5036578,
                8.9833054
              ],
              [
                -79.5034365,
                8.9834948
              ],
              [
                -79.5034821,
                8.9835438
              ],
              [
                -79.5034044,
                8.9836233
              ],
              [
                -79.5033453,
                8.983565
              ],
              [
                -79.5030382,
                8.983871
              ],
              [
                -79.5023382,
                8.98454
              ],
              [
                -79.5019439,
                8.984948
              ],
              [
                -79.5015027,
                8.9854195
              ],
              [
                -79.5015576,
                8.985448
              ],
              [
                -79.5015339,
                8.9854695
              ],
              [
                -79.5015103,
                8.9854908
              ],
              [
                -79.501453,
                8.9854844
              ],
              [
                -79.5011714,
                8.9857083
              ],
              [
                -79.5006081,
                8.9860527
              ],
              [
                -79.5001656,
                8.9861825
              ],
              [
                -79.4998437,
                8.9863335
              ],
              [
                -79.4994065,
                8.9866753
              ],
              [
                -79.4991517,
                8.9869137
              ],
              [
                -79.4989371,
                8.987327
              ],
              [
                -79.4985555,
                8.9879459
              ],
              [
                -79.4982626,
                8.9882569
              ],
              [
                -79.4981593,
                8.9883655
              ],
              [
                -79.4980989,
                8.9884053
              ],
              [
                -79.4980453,
                8.9884344
              ],
              [
                -79.4979668,
                8.9884424
              ],
              [
                -79.4979045,
                8.9884324
              ],
              [
                -79.4978616,
                8.9884139
              ],
              [
                -79.4978337,
                8.9883734
              ],
              [
                -79.4977784,
                8.9882589
              ],
              [
                -79.4977275,
                8.9881761
              ],
              [
                -79.4976872,
                8.9881331
              ],
              [
                -79.4976208,
                8.9881112
              ],
              [
                -79.4975464,
                8.9881178
              ],
              [
                -79.4974311,
                8.9881682
              ],
              [
                -79.4973426,
                8.9882516
              ],
              [
                -79.4972809,
                8.9883364
              ],
              [
                -79.4970743,
                8.9886053
              ],
              [
                -79.4969523,
                8.9887364
              ],
              [
                -79.496847,
                8.9888563
              ],
              [
                -79.496792,
                8.9889709
              ],
              [
                -79.4967612,
                8.9890517
              ],
              [
                -79.4967055,
                8.9891888
              ],
              [
                -79.4966445,
                8.9892583
              ],
              [
                -79.4965915,
                8.989315
              ],
              [
                -79.4965845,
                8.9893464
              ],
              [
                -79.4965858,
                8.9893663
              ],
              [
                -79.4966003,
                8.9893978
              ],
              [
                -79.4966197,
                8.9894246
              ],
              [
                -79.4966472,
                8.989458
              ],
              [
                -79.4966606,
                8.9894686
              ],
              [
                -79.4967867,
                8.9895597
              ],
              [
                -79.4968356,
                8.9895928
              ],
              [
                -79.496961,
                8.9897041
              ],
              [
                -79.4972916,
                8.9899882
              ],
              [
                -79.497478,
                8.9899776
              ],
              [
                -79.4976215,
                8.9900346
              ],
              [
                -79.4978093,
                8.9902306
              ],
              [
                -79.4977583,
                8.9903207
              ],
              [
                -79.4977462,
                8.9903644
              ],
              [
                -79.4977328,
                8.9904108
              ],
              [
                -79.4976282,
                8.990432
              ],
              [
                -79.4975236,
                8.9904532
              ],
              [
                -79.4973533,
                8.990485
              ],
              [
                -79.4972192,
                8.9904903
              ],
              [
                -79.497069,
                8.9905075
              ],
              [
                -79.4969684,
                8.9905856
              ],
              [
                -79.4968933,
                8.9906876
              ],
              [
                -79.4968343,
                8.9906995
              ],
              [
                -79.4967404,
                8.9906783
              ],
              [
                -79.4966881,
                8.9906227
              ],
              [
                -79.4967029,
                8.9906015
              ],
              [
                -79.4967659,
                8.9905605
              ],
              [
                -79.4968705,
                8.9904995
              ],
              [
                -79.4969858,
                8.9904439
              ],
              [
                -79.4971146,
                8.990424
              ],
              [
                -79.497187,
                8.9903604
              ],
              [
                -79.4971924,
                8.9902863
              ],
              [
                -79.4971561,
                8.9901962
              ],
              [
                -79.4971025,
                8.9901141
              ],
              [
                -79.4968155,
                8.9898796
              ],
              [
                -79.4965386,
                8.9896776
              ],
              [
                -79.4965024,
                8.9896657
              ],
              [
                -79.4964749,
                8.9896703
              ],
              [
                -79.4964501,
                8.9896908
              ],
              [
                -79.4964011,
                8.989775
              ],
              [
                -79.496326,
                8.9899008
              ],
              [
                -79.496263,
                8.9900015
              ],
              [
                -79.4961758,
                8.9901247
              ],
              [
                -79.4960739,
                8.9902333
              ],
              [
                -79.4958995,
                8.9904002
              ],
              [
                -79.4957225,
                8.9905724
              ],
              [
                -79.4955911,
                8.9907194
              ],
              [
                -79.4953537,
                8.9913142
              ],
              [
                -79.4952893,
                8.9914109
              ],
              [
                -79.4951673,
                8.9915407
              ],
              [
                -79.4950184,
                8.9917089
              ],
              [
                -79.4949232,
                8.9918374
              ],
              [
                -79.494832,
                8.9919699
              ],
              [
                -79.4947629,
                8.9920772
              ],
              [
                -79.4947576,
                8.9921109
              ],
              [
                -79.4947643,
                8.9921527
              ],
              [
                -79.4947804,
                8.9921785
              ],
              [
                -79.4950318,
                8.9923706
              ],
              [
                -79.4950613,
                8.9923805
              ],
              [
                -79.4950902,
                8.9923838
              ],
              [
                -79.4951056,
                8.9923692
              ],
              [
                -79.4951224,
                8.9923474
              ],
              [
                -79.4951693,
                8.9922845
              ],
              [
                -79.4952182,
                8.9921884
              ],
              [
                -79.495292,
                8.9921288
              ]
            ]
          ],
          [
            [
              [
                -79.4949709,
                8.9924706
              ],
              [
                -79.4947207,
                8.9922931
              ],
              [
                -79.4946952,
                8.9922831
              ],
              [
                -79.4946731,
                8.9922845
              ],
              [
                -79.494655,
                8.9922957
              ],
              [
                -79.4945819,
                8.9924023
              ],
              [
                -79.4943881,
                8.9927567
              ],
              [
                -79.494262,
                8.9929064
              ],
              [
                -79.4944929,
                8.9930669
              ],
              [
                -79.4949051,
                8.9926335
              ],
              [
                -79.4949514,
                8.9925633
              ],
              [
                -79.4949681,
                8.9925216
              ],
              [
                -79.4949755,
                8.9924918
              ],
              [
                -79.4949709,
                8.9924706
              ]
            ]
          ]
        ]
      },
      "id": "relation/11381034"
    },
    {
      "type": "Feature",
      "properties": {
        "@id": "relation/11381324",
        "admin_level": "8",
        "area": "yes",
        "boundary": "administrative",
        "name": "Bella Vista",
        "official_name": "Corregimiento Bella Vista",
        "type": "boundary",
        "wikidata": "Q5725177"
      },
      "geometry": {
        "type": "Polygon",
        "coordinates": [
          [
            [
              -79.5195696,
              8.9938805
            ],
            [
              -79.519736,
              8.9939548
            ],
            [
              -79.5198433,
              8.9940237
            ],
            [
              -79.5198782,
              8.9941138
            ],
            [
              -79.5198782,
              8.994233
            ],
            [
              -79.5198637,
              8.9943343
            ],
            [
              -79.5197799,
              8.9947045
            ],
            [
              -79.5197858,
              8.9948223
            ],
            [
              -79.5198315,
              8.9949092
            ],
            [
              -79.5199701,
              8.994978
            ],
            [
              -79.5200917,
              8.9950443
            ],
            [
              -79.5201319,
              8.9951635
            ],
            [
              -79.5202088,
              8.9952959
            ],
            [
              -79.5202061,
              8.9954151
            ],
            [
              -79.5200997,
              8.9955477
            ],
            [
              -79.5200505,
              8.9956694
            ],
            [
              -79.5200773,
              8.9958204
            ],
            [
              -79.5201507,
              8.9959159
            ],
            [
              -79.5202446,
              8.9959874
            ],
            [
              -79.5202741,
              8.9960961
            ],
            [
              -79.5203,
              8.9962681
            ],
            [
              -79.5203482,
              8.9963423
            ],
            [
              -79.5204913,
              8.9963848
            ],
            [
              -79.5205691,
              8.9964193
            ],
            [
              -79.5207425,
              8.9964748
            ],
            [
              -79.5208847,
              8.9965489
            ],
            [
              -79.5209429,
              8.9965782
            ],
            [
              -79.521001,
              8.9966074
            ],
            [
              -79.5211699,
              8.9966736
            ],
            [
              -79.5212611,
              8.9967319
            ],
            [
              -79.5213497,
              8.9968378
            ],
            [
              -79.5215821,
              8.996896
            ],
            [
              -79.5217064,
              8.9969623
            ],
            [
              -79.5218664,
              8.9970576
            ],
            [
              -79.5219397,
              8.9971478
            ],
            [
              -79.521979,
              8.997251
            ],
            [
              -79.5220649,
              8.9973649
            ],
            [
              -79.5221382,
              8.9974074
            ],
            [
              -79.5221878,
              8.9974669
            ],
            [
              -79.5222161,
              8.9976269
            ],
            [
              -79.5222331,
              8.9978362
            ],
            [
              -79.5222793,
              8.9980013
            ],
            [
              -79.5223628,
              8.9981797
            ],
            [
              -79.5224357,
              8.9982923
            ],
            [
              -79.5225193,
              8.9984652
            ],
            [
              -79.5226133,
              8.998668
            ],
            [
              -79.5226977,
              8.9987846
            ],
            [
              -79.5227667,
              8.9988038
            ],
            [
              -79.5228603,
              8.9989172
            ],
            [
              -79.5229068,
              8.9989116
            ],
            [
              -79.5229555,
              8.9988866
            ],
            [
              -79.5230808,
              8.9987395
            ],
            [
              -79.5234924,
              8.9990045
            ],
            [
              -79.5238299,
              8.9990397
            ],
            [
              -79.5242175,
              8.9989167
            ],
            [
              -79.5244742,
              8.9988941
            ],
            [
              -79.5247659,
              8.9990507
            ],
            [
              -79.5252906,
              8.9994352
            ],
            [
              -79.5255733,
              8.9990394
            ],
            [
              -79.5267502,
              8.9974362
            ],
            [
              -79.5275413,
              8.9963594
            ],
            [
              -79.527803,
              8.9959649
            ],
            [
              -79.5281994,
              8.9954528
            ],
            [
              -79.528886,
              8.9944758
            ],
            [
              -79.5292745,
              8.9939694
            ],
            [
              -79.5295513,
              8.9935892
            ],
            [
              -79.5299235,
              8.9930397
            ],
            [
              -79.530622,
              8.9919799
            ],
            [
              -79.5313156,
              8.9909049
            ],
            [
              -79.5319881,
              8.9898038
            ],
            [
              -79.5327242,
              8.9886275
            ],
            [
              -79.533786,
              8.9868988
            ],
            [
              -79.534301,
              8.9860511
            ],
            [
              -79.5351132,
              8.9847437
            ],
            [
              -79.5358768,
              8.9834545
            ],
            [
              -79.53601,
              8.9832042
            ],
            [
              -79.536113,
              8.9829853
            ],
            [
              -79.5361666,
              8.9828568
            ],
            [
              -79.5362316,
              8.9826864
            ],
            [
              -79.5365218,
              8.9815852
            ],
            [
              -79.5369164,
              8.9798513
            ],
            [
              -79.5372314,
              8.9785317
            ],
            [
              -79.5365306,
              8.9781559
            ],
            [
              -79.5360822,
              8.9778822
            ],
            [
              -79.536011,
              8.9778335
            ],
            [
              -79.535926,
              8.9777948
            ],
            [
              -79.5357573,
              8.9777362
            ],
            [
              -79.5354964,
              8.9776508
            ],
            [
              -79.5354328,
              8.9776246
            ],
            [
              -79.535339,
              8.977586
            ],
            [
              -79.5350303,
              8.9774104
            ],
            [
              -79.5347095,
              8.9772241
            ],
            [
              -79.5346837,
              8.9772102
            ],
            [
              -79.5341602,
              8.9769102
            ],
            [
              -79.5339064,
              8.9768067
            ],
            [
              -79.5343568,
              8.9755117
            ],
            [
              -79.5344348,
              8.9753029
            ],
            [
              -79.5344587,
              8.9752284
            ],
            [
              -79.5344233,
              8.9751648
            ],
            [
              -79.5343032,
              8.9750753
            ],
            [
              -79.532948,
              8.9747417
            ],
            [
              -79.5320423,
              8.9745141
            ],
            [
              -79.5318805,
              8.974477
            ],
            [
              -79.5306851,
              8.9741877
            ],
            [
              -79.5291834,
              8.9738324
            ],
            [
              -79.5289001,
              8.9737631
            ],
            [
              -79.5287887,
              8.9737297
            ],
            [
              -79.5284259,
              8.9736427
            ],
            [
              -79.528387,
              8.9736165
            ],
            [
              -79.5282684,
              8.9734609
            ],
            [
              -79.5281445,
              8.9733193
            ],
            [
              -79.5280887,
              8.9732217
            ],
            [
              -79.5280695,
              8.9731623
            ],
            [
              -79.5280648,
              8.9730868
            ],
            [
              -79.52808,
              8.9730165
            ],
            [
              -79.5280969,
              8.9729819
            ],
            [
              -79.5276599,
              8.9725407
            ],
            [
              -79.5274975,
              8.972764
            ],
            [
              -79.5274497,
              8.9728206
            ],
            [
              -79.527413,
              8.972876
            ],
            [
              -79.5273024,
              8.9729822
            ],
            [
              -79.5270335,
              8.9732405
            ],
            [
              -79.5269383,
              8.9733048
            ],
            [
              -79.526928,
              8.9733116
            ],
            [
              -79.5268602,
              8.9733563
            ],
            [
              -79.5268115,
              8.9733915
            ],
            [
              -79.5268015,
              8.9733987
            ],
            [
              -79.5267368,
              8.9734547
            ],
            [
              -79.5266836,
              8.9734886
            ],
            [
              -79.5265864,
              8.9735506
            ],
            [
              -79.5263137,
              8.9737141
            ],
            [
              -79.5262862,
              8.9737276
            ],
            [
              -79.5261637,
              8.9737878
            ],
            [
              -79.5260507,
              8.9738433
            ],
            [
              -79.525927,
              8.9739016
            ],
            [
              -79.5258403,
              8.9739424
            ],
            [
              -79.525793,
              8.9739652
            ],
            [
              -79.525716,
              8.9740023
            ],
            [
              -79.5256116,
              8.974039
            ],
            [
              -79.5255033,
              8.9740726
            ],
            [
              -79.525474,
              8.9740766
            ],
            [
              -79.52544,
              8.974028
            ],
            [
              -79.5250107,
              8.9731795
            ],
            [
              -79.5249547,
              8.9730681
            ],
            [
              -79.5248939,
              8.9730789
            ],
            [
              -79.5248342,
              8.9725623
            ],
            [
              -79.5248339,
              8.9725497
            ],
            [
              -79.5248349,
              8.9725348
            ],
            [
              -79.5248453,
              8.9724643
            ],
            [
              -79.5248238,
              8.972194
            ],
            [
              -79.5248184,
              8.9721238
            ],
            [
              -79.5248325,
              8.9720768
            ],
            [
              -79.5248788,
              8.9720253
            ],
            [
              -79.5253595,
              8.9715793
            ],
            [
              -79.525489,
              8.97148
            ],
            [
              -79.5256922,
              8.971374
            ],
            [
              -79.5258109,
              8.9713264
            ],
            [
              -79.5259362,
              8.9713197
            ],
            [
              -79.5259993,
              8.9713111
            ],
            [
              -79.5260341,
              8.971284
            ],
            [
              -79.5260596,
              8.9712257
            ],
            [
              -79.5260543,
              8.9711641
            ],
            [
              -79.5260194,
              8.9711276
            ],
            [
              -79.5259537,
              8.9711346
            ],
            [
              -79.5257337,
              8.9712217
            ],
            [
              -79.5254783,
              8.9713581
            ],
            [
              -79.5253193,
              8.9714906
            ],
            [
              -79.5250806,
              8.9717317
            ],
            [
              -79.5250307,
              8.9717917
            ],
            [
              -79.5248553,
              8.9719569
            ],
            [
              -79.5247923,
              8.9719973
            ],
            [
              -79.5247091,
              8.9720311
            ],
            [
              -79.5246474,
              8.9720629
            ],
            [
              -79.5246273,
              8.9721013
            ],
            [
              -79.5246287,
              8.9721477
            ],
            [
              -79.5246702,
              8.9722404
            ],
            [
              -79.5247011,
              8.9723358
            ],
            [
              -79.5247266,
              8.9725437
            ],
            [
              -79.5248047,
              8.9729841
            ],
            [
              -79.524889,
              8.9732566
            ],
            [
              -79.5253361,
              8.9741689
            ],
            [
              -79.525173,
              8.9742375
            ],
            [
              -79.524982,
              8.9743109
            ],
            [
              -79.5246775,
              8.9744253
            ],
            [
              -79.5244625,
              8.9744905
            ],
            [
              -79.5243703,
              8.9745134
            ],
            [
              -79.5242662,
              8.9745388
            ],
            [
              -79.5241477,
              8.9745622
            ],
            [
              -79.5240557,
              8.9745803
            ],
            [
              -79.5239169,
              8.9746031
            ],
            [
              -79.5235038,
              8.9746534
            ],
            [
              -79.5232246,
              8.9746737
            ],
            [
              -79.5229546,
              8.9746814
            ],
            [
              -79.5228072,
              8.9746813
            ],
            [
              -79.5227445,
              8.9746772
            ],
            [
              -79.5223937,
              8.9746556
            ],
            [
              -79.5222209,
              8.9746211
            ],
            [
              -79.5220834,
              8.9746092
            ],
            [
              -79.5219457,
              8.974595
            ],
            [
              -79.5213048,
              8.9745399
            ],
            [
              -79.5211773,
              8.9745289
            ],
            [
              -79.5209832,
              8.9745101
            ],
            [
              -79.5209711,
              8.9745089
            ],
            [
              -79.5208066,
              8.9744926
            ],
            [
              -79.5205655,
              8.9744683
            ],
            [
              -79.5202352,
              8.9744027
            ],
            [
              -79.5202292,
              8.9744019
            ],
            [
              -79.5200095,
              8.974373
            ],
            [
              -79.5199125,
              8.9743603
            ],
            [
              -79.5197459,
              8.9743384
            ],
            [
              -79.5196756,
              8.9743425
            ],
            [
              -79.5196314,
              8.974345
            ],
            [
              -79.5195761,
              8.9743482
            ],
            [
              -79.5194452,
              8.9743661
            ],
            [
              -79.5192713,
              8.9744048
            ],
            [
              -79.5191784,
              8.9744472
            ],
            [
              -79.5190422,
              8.9745148
            ],
            [
              -79.5190357,
              8.974518
            ],
            [
              -79.5189651,
              8.9745533
            ],
            [
              -79.5189206,
              8.9745755
            ],
            [
              -79.5188815,
              8.9745952
            ],
            [
              -79.5188102,
              8.974631
            ],
            [
              -79.5187833,
              8.9746445
            ],
            [
              -79.5187074,
              8.9746858
            ],
            [
              -79.5186932,
              8.9746935
            ],
            [
              -79.5186998,
              8.9747219
            ],
            [
              -79.518677,
              8.9747409
            ],
            [
              -79.5186503,
              8.9747332
            ],
            [
              -79.5186092,
              8.9747214
            ],
            [
              -79.5185478,
              8.9746841
            ],
            [
              -79.5184864,
              8.9746468
            ],
            [
              -79.5184448,
              8.9746251
            ],
            [
              -79.5183473,
              8.9745763
            ],
            [
              -79.5182877,
              8.9747287
            ],
            [
              -79.5182731,
              8.9747768
            ],
            [
              -79.5182614,
              8.9748207
            ],
            [
              -79.5182511,
              8.9748649
            ],
            [
              -79.5182386,
              8.974929
            ],
            [
              -79.518229,
              8.9749938
            ],
            [
              -79.5182223,
              8.9750579
            ],
            [
              -79.5182194,
              8.9751022
            ],
            [
              -79.5182178,
              8.9751468
            ],
            [
              -79.5182176,
              8.9751915
            ],
            [
              -79.5182187,
              8.9752363
            ],
            [
              -79.5182212,
              8.9752809
            ],
            [
              -79.5182251,
              8.9753254
            ],
            [
              -79.5182307,
              8.9753725
            ],
            [
              -79.5182405,
              8.9754349
            ],
            [
              -79.518253,
              8.9754971
            ],
            [
              -79.5182682,
              8.9755587
            ],
            [
              -79.5182861,
              8.9756193
            ],
            [
              -79.5183047,
              8.9756743
            ],
            [
              -79.5183255,
              8.9757286
            ],
            [
              -79.5183484,
              8.9757819
            ],
            [
              -79.5184644,
              8.9759186
            ],
            [
              -79.519137,
              8.9765462
            ],
            [
              -79.519262,
              8.9767469
            ],
            [
              -79.5192763,
              8.9768578
            ],
            [
              -79.5192853,
              8.9769143
            ],
            [
              -79.5192878,
              8.9770169
            ],
            [
              -79.519273,
              8.9771185
            ],
            [
              -79.5190895,
              8.9780258
            ],
            [
              -79.5189637,
              8.978378
            ],
            [
              -79.5188785,
              8.9785269
            ],
            [
              -79.5187875,
              8.9786858
            ],
            [
              -79.5182579,
              8.9792957
            ],
            [
              -79.5175763,
              8.980128
            ],
            [
              -79.5175226,
              8.9803082
            ],
            [
              -79.5175146,
              8.9804857
            ],
            [
              -79.517764,
              8.9810102
            ],
            [
              -79.5177694,
              8.9811957
            ],
            [
              -79.51773,
              8.9813605
            ],
            [
              -79.5174261,
              8.9816143
            ],
            [
              -79.5171203,
              8.9818368
            ],
            [
              -79.5163077,
              8.9829057
            ],
            [
              -79.5160865,
              8.9835698
            ],
            [
              -79.5156442,
              8.9839542
            ],
            [
              -79.5142332,
              8.9847513
            ],
            [
              -79.5133713,
              8.9851663
            ],
            [
              -79.5133248,
              8.9851946
            ],
            [
              -79.5132942,
              8.9852274
            ],
            [
              -79.5132727,
              8.9852667
            ],
            [
              -79.5132606,
              8.9853234
            ],
            [
              -79.5132665,
              8.9853776
            ],
            [
              -79.513313,
              8.9856
            ],
            [
              -79.5133163,
              8.986039
            ],
            [
              -79.5131599,
              8.9863345
            ],
            [
              -79.5128317,
              8.9866859
            ],
            [
              -79.5128054,
              8.9867216
            ],
            [
              -79.5127887,
              8.98676
            ],
            [
              -79.5127808,
              8.986801
            ],
            [
              -79.5127816,
              8.9868398
            ],
            [
              -79.5127903,
              8.9868775
            ],
            [
              -79.5128056,
              8.9869114
            ],
            [
              -79.5128272,
              8.9869418
            ],
            [
              -79.5128703,
              8.9869787
            ],
            [
              -79.5131817,
              8.9870954
            ],
            [
              -79.5132228,
              8.9871246
            ],
            [
              -79.5132548,
              8.9871635
            ],
            [
              -79.5132767,
              8.9872134
            ],
            [
              -79.513281,
              8.9872457
            ],
            [
              -79.513291,
              8.9873214
            ],
            [
              -79.513439,
              8.9876349
            ],
            [
              -79.5136307,
              8.9879911
            ],
            [
              -79.5137273,
              8.9882534
            ],
            [
              -79.5138346,
              8.9883832
            ],
            [
              -79.5139901,
              8.9884786
            ],
            [
              -79.5143844,
              8.9885475
            ],
            [
              -79.5147278,
              8.9886164
            ],
            [
              -79.5148502,
              8.9886937
            ],
            [
              -79.5149042,
              8.9887722
            ],
            [
              -79.5149607,
              8.988992
            ],
            [
              -79.5150944,
              8.9893212
            ],
            [
              -79.5153127,
              8.9896699
            ],
            [
              -79.5155463,
              8.9900157
            ],
            [
              -79.5156682,
              8.9908538
            ],
            [
              -79.5157496,
              8.990935
            ],
            [
              -79.5158408,
              8.9909615
            ],
            [
              -79.516211,
              8.9908735
            ],
            [
              -79.5163505,
              8.9909371
            ],
            [
              -79.516431,
              8.9910246
            ],
            [
              -79.5164471,
              8.9912179
            ],
            [
              -79.5164685,
              8.9913848
            ],
            [
              -79.5165409,
              8.9915014
            ],
            [
              -79.5166402,
              8.9915571
            ],
            [
              -79.5170425,
              8.9915544
            ],
            [
              -79.5172196,
              8.9915067
            ],
            [
              -79.5174261,
              8.9915464
            ],
            [
              -79.5175923,
              8.9916631
            ],
            [
              -79.5177506,
              8.9918723
            ],
            [
              -79.5180321,
              8.9924289
            ],
            [
              -79.5183568,
              8.9929611
            ],
            [
              -79.5185902,
              8.9933586
            ],
            [
              -79.518743,
              8.993499
            ],
            [
              -79.518874,
              8.9935766
            ],
            [
              -79.5190247,
              8.9935996
            ],
            [
              -79.5191695,
              8.993642
            ],
            [
              -79.5192929,
              8.9937347
            ],
            [
              -79.5194442,
              8.9938201
            ],
            [
              -79.5194806,
              8.9938407
            ],
            [
              -79.5195696,
              8.9938805
            ]
          ]
        ]
      },
      "id": "relation/11381324"
    },
    {
      "type": "Feature",
      "properties": {
        "@id": "relation/11385188",
        "admin_level": "8",
        "alt_name": "Betania",
        "area": "yes",
        "boundary": "administrative",
        "name": "Bethania",
        "official_name": "Corregimiento Bethania",
        "type": "boundary",
        "wikidata": "Q5727309"
      },
      "geometry": {
        "type": "Polygon",
        "coordinates": [
          [
            [
              -79.5148288,
              9.0317414
            ],
            [
              -79.5150681,
              9.0318994
            ],
            [
              -79.5152634,
              9.0321578
            ],
            [
              -79.5153968,
              9.0324439
            ],
            [
              -79.515341,
              9.0326028
            ],
            [
              -79.5150037,
              9.0330397
            ],
            [
              -79.5148639,
              9.0332538
            ],
            [
              -79.5148316,
              9.0334217
            ],
            [
              -79.5148803,
              9.0335218
            ],
            [
              -79.5151378,
              9.0336754
            ],
            [
              -79.5155884,
              9.0338502
            ],
            [
              -79.5160658,
              9.0339721
            ],
            [
              -79.516554,
              9.0341946
            ],
            [
              -79.5174498,
              9.0349575
            ],
            [
              -79.5175583,
              9.0350536
            ],
            [
              -79.5177883,
              9.035122
            ],
            [
              -79.5180682,
              9.0350719
            ],
            [
              -79.5184984,
              9.0350251
            ],
            [
              -79.5185595,
              9.0349783
            ],
            [
              -79.518632,
              9.0349435
            ],
            [
              -79.5187256,
              9.0348902
            ],
            [
              -79.5188987,
              9.0349359
            ],
            [
              -79.5190861,
              9.0349412
            ],
            [
              -79.5193272,
              9.0348912
            ],
            [
              -79.5194819,
              9.0347594
            ],
            [
              -79.5196366,
              9.0346
            ],
            [
              -79.5196791,
              9.0344124
            ],
            [
              -79.5198333,
              9.034004
            ],
            [
              -79.5201159,
              9.0336786
            ],
            [
              -79.5202859,
              9.0334858
            ],
            [
              -79.520652,
              9.0332699
            ],
            [
              -79.5207793,
              9.0332836
            ],
            [
              -79.5209462,
              9.0333226
            ],
            [
              -79.521266,
              9.0333349
            ],
            [
              -79.5227041,
              9.0333577
            ],
            [
              -79.5230145,
              9.0334633
            ],
            [
              -79.5230892,
              9.0335745
            ],
            [
              -79.5232855,
              9.0339544
            ],
            [
              -79.5235787,
              9.0345525
            ],
            [
              -79.5239632,
              9.0349991
            ],
            [
              -79.5242735,
              9.0354196
            ],
            [
              -79.5245716,
              9.0361102
            ],
            [
              -79.5258487,
              9.0364299
            ],
            [
              -79.5255398,
              9.0357577
            ],
            [
              -79.5240746,
              9.0326923
            ],
            [
              -79.5230624,
              9.0305794
            ],
            [
              -79.5218378,
              9.0280313
            ],
            [
              -79.5210061,
              9.0262853
            ],
            [
              -79.520946,
              9.0261735
            ],
            [
              -79.5212893,
              9.025969
            ],
            [
              -79.5219546,
              9.0256369
            ],
            [
              -79.5236959,
              9.0247911
            ],
            [
              -79.5259911,
              9.02369
            ],
            [
              -79.5261557,
              9.0236533
            ],
            [
              -79.5263291,
              9.0236551
            ],
            [
              -79.5264706,
              9.023718
            ],
            [
              -79.5281836,
              9.0229088
            ],
            [
              -79.5302529,
              9.021763
            ],
            [
              -79.5316611,
              9.0211161
            ],
            [
              -79.5329128,
              9.0205788
            ],
            [
              -79.5347117,
              9.0198066
            ],
            [
              -79.5375346,
              9.0184624
            ],
            [
              -79.5377033,
              9.018221
            ],
            [
              -79.53801,
              9.0179688
            ],
            [
              -79.5383884,
              9.0175527
            ],
            [
              -79.5386373,
              9.0169296
            ],
            [
              -79.538768,
              9.0167451
            ],
            [
              -79.5388054,
              9.0165421
            ],
            [
              -79.5391977,
              9.0159149
            ],
            [
              -79.5392724,
              9.0156381
            ],
            [
              -79.5393191,
              9.0154075
            ],
            [
              -79.5392724,
              9.0151031
            ],
            [
              -79.5392396,
              9.0149597
            ],
            [
              -79.5394055,
              9.0146319
            ],
            [
              -79.5395792,
              9.0143471
            ],
            [
              -79.5401529,
              9.0137751
            ],
            [
              -79.5405591,
              9.013258
            ],
            [
              -79.5407556,
              9.0128532
            ],
            [
              -79.5409028,
              9.0125168
            ],
            [
              -79.5411205,
              9.012273
            ],
            [
              -79.5414391,
              9.0118544
            ],
            [
              -79.5415939,
              9.0115877
            ],
            [
              -79.54175,
              9.0114418
            ],
            [
              -79.5417612,
              9.0112352
            ],
            [
              -79.5417835,
              9.0111388
            ],
            [
              -79.5418086,
              9.0110837
            ],
            [
              -79.5418181,
              9.0109342
            ],
            [
              -79.5417849,
              9.0108352
            ],
            [
              -79.5417398,
              9.0107413
            ],
            [
              -79.5417326,
              9.0106422
            ],
            [
              -79.5418084,
              9.0100137
            ],
            [
              -79.5416141,
              9.0089303
            ],
            [
              -79.5414317,
              9.0079625
            ],
            [
              -79.5413706,
              9.0076615
            ],
            [
              -79.541218,
              9.007089
            ],
            [
              -79.5410914,
              9.0065728
            ],
            [
              -79.5409402,
              9.0063169
            ],
            [
              -79.5408028,
              9.0060515
            ],
            [
              -79.5407317,
              9.0057884
            ],
            [
              -79.5406034,
              9.0052178
            ],
            [
              -79.5404212,
              9.0042271
            ],
            [
              -79.5404679,
              9.0032954
            ],
            [
              -79.5407294,
              9.0029079
            ],
            [
              -79.5407294,
              9.0024836
            ],
            [
              -79.5410096,
              9.0014688
            ],
            [
              -79.5411871,
              9.0010722
            ],
            [
              -79.5412711,
              8.9997253
            ],
            [
              -79.5412711,
              8.9992917
            ],
            [
              -79.5412618,
              8.998932
            ],
            [
              -79.5411871,
              8.9985722
            ],
            [
              -79.5411124,
              8.9983416
            ],
            [
              -79.5407574,
              8.9977973
            ],
            [
              -79.5405333,
              8.9973822
            ],
            [
              -79.5403838,
              8.9970962
            ],
            [
              -79.540209,
              8.9967536
            ],
            [
              -79.5401411,
              8.996506
            ],
            [
              -79.5401223,
              8.9962014
            ],
            [
              -79.5402624,
              8.9952419
            ],
            [
              -79.5402624,
              8.9948729
            ],
            [
              -79.5401597,
              8.9943932
            ],
            [
              -79.5400102,
              8.993932
            ],
            [
              -79.5399449,
              8.9933785
            ],
            [
              -79.5398795,
              8.9928618
            ],
            [
              -79.5397703,
              8.9925937
            ],
            [
              -79.5393695,
              8.9923515
            ],
            [
              -79.5389148,
              8.9917611
            ],
            [
              -79.5385259,
              8.9913015
            ],
            [
              -79.5379713,
              8.9910406
            ],
            [
              -79.5378453,
              8.9909372
            ],
            [
              -79.5377882,
              8.9908174
            ],
            [
              -79.5377868,
              8.9910324
            ],
            [
              -79.53776,
              8.9911517
            ],
            [
              -79.5377466,
              8.991247
            ],
            [
              -79.5377063,
              8.9913398
            ],
            [
              -79.5376446,
              8.9914298
            ],
            [
              -79.5375883,
              8.9914934
            ],
            [
              -79.537532,
              8.9915676
            ],
            [
              -79.5375212,
              8.9916418
            ],
            [
              -79.537532,
              8.9917107
            ],
            [
              -79.53754,
              8.9917901
            ],
            [
              -79.5375534,
              8.9918723
            ],
            [
              -79.5375561,
              8.9919358
            ],
            [
              -79.5375212,
              8.9920206
            ],
            [
              -79.5374864,
              8.9920577
            ],
            [
              -79.5374327,
              8.9920762
            ],
            [
              -79.5373469,
              8.9920974
            ],
            [
              -79.537253,
              8.9921292
            ],
            [
              -79.5372155,
              8.992169
            ],
            [
              -79.5371779,
              8.9922352
            ],
            [
              -79.5371565,
              8.9922908
            ],
            [
              -79.5371484,
              8.992365
            ],
            [
              -79.5371484,
              8.9924233
            ],
            [
              -79.5371538,
              8.9925372
            ],
            [
              -79.5371431,
              8.9926193
            ],
            [
              -79.5370975,
              8.9926882
            ],
            [
              -79.5370465,
              8.9927333
            ],
            [
              -79.5369607,
              8.9927836
            ],
            [
              -79.5368426,
              8.9928313
            ],
            [
              -79.5367568,
              8.9928657
            ],
            [
              -79.5366603,
              8.9929187
            ],
            [
              -79.5365777,
              8.9929804
            ],
            [
              -79.5365537,
              8.9930475
            ],
            [
              -79.5365726,
              8.9932157
            ],
            [
              -79.536568,
              8.9933249
            ],
            [
              -79.5364175,
              8.9933158
            ],
            [
              -79.5359366,
              8.9932867
            ],
            [
              -79.5353177,
              8.9932492
            ],
            [
              -79.5351471,
              8.9932389
            ],
            [
              -79.5349082,
              8.9932244
            ],
            [
              -79.5344072,
              8.9931941
            ],
            [
              -79.5341316,
              8.993162
            ],
            [
              -79.5342302,
              8.9926751
            ],
            [
              -79.5342579,
              8.9923632
            ],
            [
              -79.5342302,
              8.9921076
            ],
            [
              -79.5339483,
              8.9912174
            ],
            [
              -79.5335986,
              8.9901067
            ],
            [
              -79.5335138,
              8.9898647
            ],
            [
              -79.5332612,
              8.989457
            ],
            [
              -79.5327242,
              8.9886275
            ],
            [
              -79.5319881,
              8.9898038
            ],
            [
              -79.5313156,
              8.9909049
            ],
            [
              -79.530622,
              8.9919799
            ],
            [
              -79.5299235,
              8.9930397
            ],
            [
              -79.5295513,
              8.9935892
            ],
            [
              -79.5292745,
              8.9939694
            ],
            [
              -79.528886,
              8.9944758
            ],
            [
              -79.5281994,
              8.9954528
            ],
            [
              -79.527803,
              8.9959649
            ],
            [
              -79.5275413,
              8.9963594
            ],
            [
              -79.5267502,
              8.9974362
            ],
            [
              -79.5255733,
              8.9990394
            ],
            [
              -79.5252906,
              8.9994352
            ],
            [
              -79.5246291,
              9.0003354
            ],
            [
              -79.5244415,
              9.0006354
            ],
            [
              -79.5236921,
              9.0016541
            ],
            [
              -79.5233685,
              9.0020276
            ],
            [
              -79.5229438,
              9.0026516
            ],
            [
              -79.5225173,
              9.0032162
            ],
            [
              -79.5219741,
              9.0039415
            ],
            [
              -79.5215051,
              9.0046022
            ],
            [
              -79.5211831,
              9.0050548
            ],
            [
              -79.5209389,
              9.0054061
            ],
            [
              -79.5204575,
              9.0060511
            ],
            [
              -79.5202664,
              9.0063202
            ],
            [
              -79.5199461,
              9.0067397
            ],
            [
              -79.5196099,
              9.0071854
            ],
            [
              -79.5193657,
              9.0075332
            ],
            [
              -79.5189746,
              9.0081065
            ],
            [
              -79.5186773,
              9.0085731
            ],
            [
              -79.5185074,
              9.0088527
            ],
            [
              -79.5182579,
              9.0093683
            ],
            [
              -79.5179882,
              9.0101411
            ],
            [
              -79.5179054,
              9.0104146
            ],
            [
              -79.5178309,
              9.0107069
            ],
            [
              -79.5177819,
              9.01092
            ],
            [
              -79.5177233,
              9.0112345
            ],
            [
              -79.5176814,
              9.0115291
            ],
            [
              -79.5176608,
              9.0118086
            ],
            [
              -79.5176424,
              9.0119905
            ],
            [
              -79.5176352,
              9.0121322
            ],
            [
              -79.5176125,
              9.0126213
            ],
            [
              -79.5175999,
              9.012893
            ],
            [
              -79.5175904,
              9.0131183
            ],
            [
              -79.5175459,
              9.0139302
            ],
            [
              -79.5175197,
              9.0144094
            ],
            [
              -79.5174348,
              9.0163009
            ],
            [
              -79.5174277,
              9.0164382
            ],
            [
              -79.5173829,
              9.0172807
            ],
            [
              -79.5173164,
              9.017876
            ],
            [
              -79.5172244,
              9.018328
            ],
            [
              -79.517085,
              9.0188514
            ],
            [
              -79.516931,
              9.0192751
            ],
            [
              -79.5167727,
              9.019646
            ],
            [
              -79.5165786,
              9.0200319
            ],
            [
              -79.5162486,
              9.0205822
            ],
            [
              -79.5158997,
              9.0210579
            ],
            [
              -79.5155482,
              9.0214759
            ],
            [
              -79.5151272,
              9.0218871
            ],
            [
              -79.5146755,
              9.0222656
            ],
            [
              -79.514198,
              9.022593
            ],
            [
              -79.5136723,
              9.0228974
            ],
            [
              -79.5131085,
              9.0231751
            ],
            [
              -79.5129264,
              9.0232672
            ],
            [
              -79.5122193,
              9.0236084
            ],
            [
              -79.5117927,
              9.0238158
            ],
            [
              -79.5114141,
              9.0240192
            ],
            [
              -79.5110261,
              9.024258
            ],
            [
              -79.510665,
              9.0245055
            ],
            [
              -79.510314,
              9.0247706
            ],
            [
              -79.5097814,
              9.0252091
            ],
            [
              -79.5095706,
              9.0253759
            ],
            [
              -79.5096342,
              9.0254543
            ],
            [
              -79.5097495,
              9.0255475
            ],
            [
              -79.5097928,
              9.0255475
            ],
            [
              -79.5098417,
              9.0255451
            ],
            [
              -79.5099513,
              9.0254905
            ],
            [
              -79.5100227,
              9.0254794
            ],
            [
              -79.5101389,
              9.0254492
            ],
            [
              -79.5103247,
              9.0252673
            ],
            [
              -79.5105713,
              9.0251892
            ],
            [
              -79.5108004,
              9.0252052
            ],
            [
              -79.510996,
              9.0253277
            ],
            [
              -79.5111516,
              9.0254642
            ],
            [
              -79.5112506,
              9.0255927
            ],
            [
              -79.5112864,
              9.0256756
            ],
            [
              -79.5113048,
              9.0257697
            ],
            [
              -79.5113173,
              9.0258358
            ],
            [
              -79.5113377,
              9.0260887
            ],
            [
              -79.5113295,
              9.026434
            ],
            [
              -79.5112847,
              9.0265263
            ],
            [
              -79.5111872,
              9.0267271
            ],
            [
              -79.511049,
              9.0270684
            ],
            [
              -79.5110327,
              9.0273615
            ],
            [
              -79.5110463,
              9.0276406
            ],
            [
              -79.511049,
              9.0276948
            ],
            [
              -79.5111506,
              9.0278554
            ],
            [
              -79.5113336,
              9.0280561
            ],
            [
              -79.5115083,
              9.0281591
            ],
            [
              -79.5115857,
              9.0282047
            ],
            [
              -79.5117971,
              9.028281
            ],
            [
              -79.5118937,
              9.0283015
            ],
            [
              -79.5120044,
              9.0283251
            ],
            [
              -79.5121022,
              9.0283544
            ],
            [
              -79.5121386,
              9.0283653
            ],
            [
              -79.5122646,
              9.0284616
            ],
            [
              -79.5123744,
              9.0286182
            ],
            [
              -79.5125004,
              9.0287548
            ],
            [
              -79.5127809,
              9.0288351
            ],
            [
              -79.5130899,
              9.0288431
            ],
            [
              -79.5133338,
              9.0289113
            ],
            [
              -79.5134119,
              9.0289557
            ],
            [
              -79.5134888,
              9.0289994
            ],
            [
              -79.5136306,
              9.02908
            ],
            [
              -79.5138745,
              9.0293088
            ],
            [
              -79.5142689,
              9.0294132
            ],
            [
              -79.514525,
              9.0295096
            ],
            [
              -79.5145591,
              9.0295442
            ],
            [
              -79.514651,
              9.0296672
            ],
            [
              -79.5145879,
              9.0297928
            ],
            [
              -79.5144477,
              9.0299191
            ],
            [
              -79.5142988,
              9.0300426
            ],
            [
              -79.5138562,
              9.0302243
            ],
            [
              -79.5137327,
              9.0303468
            ],
            [
              -79.5137054,
              9.0306259
            ],
            [
              -79.5137849,
              9.0309103
            ],
            [
              -79.513962,
              9.0311752
            ],
            [
              -79.5143589,
              9.0314983
            ],
            [
              -79.5148288,
              9.0317414
            ]
          ]
        ]
      },
      "id": "relation/11385188"
    },
    {
      "type": "Feature",
      "properties": {
        "@id": "way/1287452841",
        "@relations": [
          {
            "role": "admin_centre",
            "rel": 11385188,
            "reltags": {
              "admin_level": "8",
              "alt_name": "Betania",
              "area": "yes",
              "boundary": "administrative",
              "name": "Bethania",
              "official_name": "Corregimiento Bethania",
              "type": "boundary",
              "wikidata": "Q5727309"
            }
          }
        ]
      },
      "geometry": {
        "type": "LineString",
        "coordinates": [
          [
            -79.5243355,
            9.0098422
          ],
          [
            -79.5243095,
            9.0097715
          ],
          [
            -79.5242539,
            9.0097914
          ],
          [
            -79.5242423,
            9.0097599
          ],
          [
            -79.5242014,
            9.0097747
          ],
          [
            -79.5242132,
            9.0098068
          ],
          [
            -79.5241532,
            9.0098283
          ],
          [
            -79.524179,
            9.0098985
          ],
          [
            -79.5243355,
            9.0098422
          ]
        ]
      },
      "id": "way/1287452841"
    },
    {
      "type": "Feature",
      "properties": {
        "@id": "node/5427159590",
        "@relations": [
          {
            "role": "admin_centre",
            "rel": 11378457,
            "reltags": {
              "admin_level": "8",
              "boundary": "administrative",
              "name": "Pedregal",
              "official_name": "Corregimiento Pedregal",
              "type": "boundary"
            }
          }
        ]
      },
      "geometry": {
        "type": "Point",
        "coordinates": [
          -79.4265921,
          9.0728036
        ]
      },
      "id": "node/5427159590"
    },
    {
      "type": "Feature",
      "properties": {
        "@id": "node/7784778415",
        "@relations": [
          {
            "role": "admin_centre",
            "rel": 11380922,
            "reltags": {
              "admin_level": "8",
              "boundary": "administrative",
              "name": "Parque Lefevre",
              "official_name": "Corregimiento Parque Lefevre",
              "type": "boundary",
              "wikidata": "Q49095774"
            }
          }
        ]
      },
      "geometry": {
        "type": "Point",
        "coordinates": [
          -79.4863305,
          9.0158972
        ]
      },
      "id": "node/7784778415"
    },
    {
      "type": "Feature",
      "properties": {
        "@id": "node/7784902490",
        "@relations": [
          {
            "role": "admin_centre",
            "rel": 11381034,
            "reltags": {
              "admin_level": "8",
              "boundary": "administrative",
              "name": "San Francisco",
              "official_name": "Corregimiento San Francisco",
              "type": "boundary",
              "wikidata": "Q6118749"
            }
          }
        ]
      },
      "geometry": {
        "type": "Point",
        "coordinates": [
          -79.5080621,
          8.9927657
        ]
      },
      "id": "node/7784902490"
    },
    {
      "type": "Feature",
      "properties": {
        "@id": "node/6275748389",
        "@relations": [
          {
            "role": "admin_centre",
            "rel": 11381324,
            "reltags": {
              "admin_level": "8",
              "area": "yes",
              "boundary": "administrative",
              "name": "Bella Vista",
              "official_name": "Corregimiento Bella Vista",
              "type": "boundary",
              "wikidata": "Q5725177"
            }
          }
        ]
      },
      "geometry": {
        "type": "Point",
        "coordinates": [
          -79.5259916,
          8.9837749
        ]
      },
      "id": "node/6275748389"
    }
  ]
}