{
  "type": "FeatureCollection",
  "generator": "overpass-turbo",
  "copyright": "The data included in this document is from www.openstreetmap.org. The data is made available under ODbL.",
  "timestamp": "2026-07-08T23:18:45Z",
  "features": [
    {
      "type": "Feature",
      "properties": {
        "@id": "way/72519705",
        "amenity": "school",
        "name": "Colegio La Salle"
      },
      "geometry": {
        "type": "Polygon",
        "coordinates": [
          [
            [
              -79.5286641,
              8.98976
            ],
            [
              -79.5285943,
              8.9898851
            ],
            [
              -79.5285427,
              8.9899712
            ],
            [
              -79.528429,
              8.9901607
            ],
            [
              -79.5283411,
              8.9903071
            ],
            [
              -79.5280565,
              8.9907816
            ],
            [
              -79.5279584,
              8.9909452
            ],
            [
              -79.5279023,
              8.9910387
            ],
            [
              -79.5280214,
              8.9910605
            ],
            [
              -79.5280303,
              8.9910618
            ],
            [
              -79.5281462,
              8.9911844
            ],
            [
              -79.5281838,
              8.9913005
            ],
            [
              -79.5281639,
              8.9913817
            ],
            [
              -79.5282091,
              8.9913944
            ],
            [
              -79.5283967,
              8.9916116
            ],
            [
              -79.5283194,
              8.9919653
            ],
            [
              -79.5284517,
              8.9919909
            ],
            [
              -79.5284807,
              8.9919966
            ],
            [
              -79.5288208,
              8.9920625
            ],
            [
              -79.5288516,
              8.9920685
            ],
            [
              -79.5290064,
              8.9920985
            ],
            [
              -79.5295725,
              8.9922082
            ],
            [
              -79.5296326,
              8.9922215
            ],
            [
              -79.5301621,
              8.9923261
            ],
            [
              -79.5305954,
              8.9916837
            ],
            [
              -79.5310148,
              8.9908937
            ],
            [
              -79.5309865,
              8.9908326
            ],
            [
              -79.5302753,
              8.9906814
            ],
            [
              -79.5302491,
              8.9906991
            ],
            [
              -79.5302376,
              8.9907158
            ],
            [
              -79.5302206,
              8.9907546
            ],
            [
              -79.5301836,
              8.9907942
            ],
            [
              -79.5301002,
              8.9908584
            ],
            [
              -79.5300547,
              8.9907989
            ],
            [
              -79.5300075,
              8.9907371
            ],
            [
              -79.5299751,
              8.9906947
            ],
            [
              -79.5299868,
              8.9906782
            ],
            [
              -79.5299889,
              8.9906536
            ],
            [
              -79.5299843,
              8.990626
            ],
            [
              -79.5299654,
              8.990611
            ],
            [
              -79.5294568,
              8.9904866
            ],
            [
              -79.5293044,
              8.9903872
            ],
            [
              -79.5286641,
              8.98976
            ]
          ]
        ]
      },
      "id": "way/72519705"
    },
    {
      "type": "Feature",
      "properties": {
        "@id": "way/73319743",
        "leisure": "park",
        "name": "Parque Urracá"
      },
      "geometry": {
        "type": "Polygon",
        "coordinates": [
          [
            [
              -79.5284514,
              8.9763142
            ],
            [
              -79.5284801,
              8.9763187
            ],
            [
              -79.5284981,
              8.9763006
            ],
            [
              -79.5286868,
              8.9755378
            ],
            [
              -79.5288853,
              8.9747515
            ],
            [
              -79.5288714,
              8.9746983
            ],
            [
              -79.5288321,
              8.9746622
            ],
            [
              -79.5281606,
              8.9745005
            ],
            [
              -79.5281141,
              8.974495
            ],
            [
              -79.5280689,
              8.9745133
            ],
            [
              -79.5279247,
              8.9746311
            ],
            [
              -79.5279102,
              8.9746631
            ],
            [
              -79.5275324,
              8.9749513
            ],
            [
              -79.5269429,
              8.9754115
            ],
            [
              -79.5269654,
              8.9754606
            ],
            [
              -79.5279366,
              8.9760681
            ],
            [
              -79.5284514,
              8.9763142
            ]
          ]
        ]
      },
      "id": "way/73319743"
    },
    {
      "type": "Feature",
      "properties": {
        "@id": "way/73332675",
        "building": "commercial",
        "building:levels": "2",
        "name": "Super 99",
        "shop": "supermarket"
      },
      "geometry": {
        "type": "Polygon",
        "coordinates": [
          [
            [
              -79.5287099,
              8.9931132
            ],
            [
              -79.5282867,
              8.9937176
            ],
            [
              -79.5283674,
              8.9937728
            ],
            [
              -79.5283474,
              8.9938013
            ],
            [
              -79.5288422,
              8.9941394
            ],
            [
              -79.5292856,
              8.9935065
            ],
            [
              -79.5287099,
              8.9931132
            ]
          ]
        ]
      },
      "id": "way/73332675"
    },
    {
      "type": "Feature",
      "properties": {
        "@id": "way/73332677",
        "addr:street": "Transístmica",
        "building": "retail",
        "building:levels": "2",
        "contact:email": "cliente@superxtra.com",
        "contact:facebook": "https://www.facebook.com/SuperXtraPanama/",
        "contact:instagram": "https://instagram.com/superxtrapanama",
        "contact:linkedin": "https://www.linkedin.com/company/superxtrapanama",
        "contact:phone": "+507 2909000",
        "contact:twitter": "https://twitter.com/SuperXtraPanama",
        "contact:website": "https://www.superxtra.com/",
        "contact:youtube": "https://www.youtube.com/user/SuperXtraPanama",
        "name": "Super Xtra",
        "opening_hours": "Mo-Sa 06:00-24:00; Su 06:00-23:00",
        "shop": "supermarket"
      },
      "geometry": {
        "type": "Polygon",
        "coordinates": [
          [
            [
              -79.5286893,
              8.9942842
            ],
            [
              -79.5278778,
              8.9937016
            ],
            [
              -79.5279786,
              8.9935605
            ],
            [
              -79.5277345,
              8.9934019
            ],
            [
              -79.5276843,
              8.9934707
            ],
            [
              -79.5276507,
              8.9934425
            ],
            [
              -79.5275633,
              8.9935591
            ],
            [
              -79.5275294,
              8.9935371
            ],
            [
              -79.5274868,
              8.9935931
            ],
            [
              -79.5274601,
              8.9935728
            ],
            [
              -79.52719,
              8.9938238
            ],
            [
              -79.5271243,
              8.9938848
            ],
            [
              -79.5270728,
              8.9939596
            ],
            [
              -79.526978,
              8.9940971
            ],
            [
              -79.527274,
              8.9943435
            ],
            [
              -79.5273657,
              8.994218
            ],
            [
              -79.5273047,
              8.9941769
            ],
            [
              -79.5273699,
              8.9940959
            ],
            [
              -79.5282401,
              8.9947296
            ],
            [
              -79.5282737,
              8.9946896
            ],
            [
              -79.5283348,
              8.9947333
            ],
            [
              -79.5283532,
              8.9947464
            ],
            [
              -79.5286893,
              8.9942842
            ]
          ]
        ]
      },
      "id": "way/73332677"
    },
    {
      "type": "Feature",
      "properties": {
        "@id": "way/73814953",
        "leisure": "park",
        "name": "Parque Andrés Bello",
        "name:en": "Andrés Bello Park"
      },
      "geometry": {
        "type": "Polygon",
        "coordinates": [
          [
            [
              -79.5266719,
              8.9892268
            ],
            [
              -79.5263921,
              8.989211
            ],
            [
              -79.5263385,
              8.989204
            ],
            [
              -79.5261534,
              8.9891798
            ],
            [
              -79.5260445,
              8.9891559
            ],
            [
              -79.5259938,
              8.9891447
            ],
            [
              -79.5259058,
              8.9891247
            ],
            [
              -79.5257616,
              8.9890931
            ],
            [
              -79.5257574,
              8.9891266
            ],
            [
              -79.5257329,
              8.9893195
            ],
            [
              -79.5257102,
              8.9894993
            ],
            [
              -79.5256874,
              8.9896791
            ],
            [
              -79.525665,
              8.9898557
            ],
            [
              -79.5255975,
              8.9903891
            ],
            [
              -79.5255586,
              8.9906962
            ],
            [
              -79.5255931,
              8.9907114
            ],
            [
              -79.525638,
              8.9907311
            ],
            [
              -79.5257532,
              8.9907817
            ],
            [
              -79.5258624,
              8.990613
            ],
            [
              -79.5258739,
              8.9905934
            ],
            [
              -79.5260618,
              8.9902733
            ],
            [
              -79.5266044,
              8.9893426
            ],
            [
              -79.5266719,
              8.9892268
            ]
          ]
        ]
      },
      "id": "way/73814953"
    },
    {
      "type": "Feature",
      "properties": {
        "@id": "way/74098681",
        "leisure": "park",
        "name": "Parque Benito Juárez"
      },
      "geometry": {
        "type": "Polygon",
        "coordinates": [
          [
            [
              -79.5240759,
              8.994822
            ],
            [
              -79.5240842,
              8.9947622
            ],
            [
              -79.5240569,
              8.994736
            ],
            [
              -79.5237511,
              8.9946186
            ],
            [
              -79.5232945,
              8.9944245
            ],
            [
              -79.5229936,
              8.9942501
            ],
            [
              -79.5229574,
              8.9942749
            ],
            [
              -79.5224251,
              8.9950044
            ],
            [
              -79.5233414,
              8.9956295
            ],
            [
              -79.5233711,
              8.9956113
            ],
            [
              -79.5237507,
              8.9952252
            ],
            [
              -79.5239776,
              8.9949786
            ],
            [
              -79.5240759,
              8.994822
            ]
          ]
        ]
      },
      "id": "way/74098681"
    },
    {
      "type": "Feature",
      "properties": {
        "@id": "way/146689569",
        "addr:city": "Panama City",
        "addr:street": "Calle 53 Este",
        "amenity": "hospital",
        "building": "yes",
        "building:levels": "5",
        "emergency": "yes",
        "healthcare": "hospital",
        "name": "Hospital Paitilla",
        "source": "KG Ground Survey 2015"
      },
      "geometry": {
        "type": "Polygon",
        "coordinates": [
          [
            [
              -79.5184636,
              8.9779268
            ],
            [
              -79.5184658,
              8.9777709
            ],
            [
              -79.518468,
              8.977615
            ],
            [
              -79.5182047,
              8.9776102
            ],
            [
              -79.5179415,
              8.9776053
            ],
            [
              -79.5176703,
              8.9776003
            ],
            [
              -79.5174511,
              8.9775963
            ],
            [
              -79.5174539,
              8.9778004
            ],
            [
              -79.5174558,
              8.9779372
            ],
            [
              -79.5177958,
              8.9779337
            ],
            [
              -79.5181358,
              8.9779302
            ],
            [
              -79.5183741,
              8.9779277
            ],
            [
              -79.5184636,
              8.9779268
            ]
          ]
        ]
      },
      "id": "way/146689569"
    },
    {
      "type": "Feature",
      "properties": {
        "@id": "way/158532160",
        "amenity": "school",
        "layer": "2",
        "name": "Instituto Dr. Alfredo Canton"
      },
      "geometry": {
        "type": "Polygon",
        "coordinates": [
          [
            [
              -79.5279534,
              8.9808945
            ],
            [
              -79.5283504,
              8.9803442
            ],
            [
              -79.5284095,
              8.9802624
            ],
            [
              -79.5283881,
              8.9801653
            ],
            [
              -79.5282192,
              8.9802015
            ],
            [
              -79.5281772,
              8.9800104
            ],
            [
              -79.5279043,
              8.9800689
            ],
            [
              -79.5278519,
              8.9800801
            ],
            [
              -79.5277776,
              8.9800961
            ],
            [
              -79.5278489,
              8.9804199
            ],
            [
              -79.5278556,
              8.9804505
            ],
            [
              -79.5279534,
              8.9808945
            ]
          ]
        ]
      },
      "id": "way/158532160"
    },
    {
      "type": "Feature",
      "properties": {
        "@id": "way/226293923",
        "leisure": "park",
        "name": "Jardín Universitario"
      },
      "geometry": {
        "type": "Polygon",
        "coordinates": [
          [
            [
              -79.5315378,
              8.9842339
            ],
            [
              -79.5316545,
              8.9844317
            ],
            [
              -79.5316181,
              8.9844776
            ],
            [
              -79.5315476,
              8.9845256
            ],
            [
              -79.5310686,
              8.9848175
            ],
            [
              -79.531231,
              8.9850924
            ],
            [
              -79.5316282,
              8.9857652
            ],
            [
              -79.531749,
              8.9856358
            ],
            [
              -79.5319067,
              8.9854898
            ],
            [
              -79.5321324,
              8.9855844
            ],
            [
              -79.5323633,
              8.9852963
            ],
            [
              -79.532039,
              8.9850984
            ],
            [
              -79.5319559,
              8.9852349
            ],
            [
              -79.5314631,
              8.9849421
            ],
            [
              -79.5315462,
              8.9848057
            ],
            [
              -79.5318408,
              8.9846315
            ],
            [
              -79.5318424,
              8.9845095
            ],
            [
              -79.5318155,
              8.9844698
            ],
            [
              -79.5317351,
              8.9844618
            ],
            [
              -79.5316546,
              8.9843188
            ],
            [
              -79.5316439,
              8.9841916
            ],
            [
              -79.5315952,
              8.9841921
            ],
            [
              -79.5315378,
              8.9842339
            ]
          ]
        ]
      },
      "id": "way/226293923"
    },
    {
      "type": "Feature",
      "properties": {
        "@id": "way/226294089",
        "leisure": "park",
        "name": "Jardín Universitario de La Transístmica"
      },
      "geometry": {
        "type": "Polygon",
        "coordinates": [
          [
            [
              -79.5335994,
              8.9867041
            ],
            [
              -79.5335743,
              8.9866706
            ],
            [
              -79.5335262,
              8.9866716
            ],
            [
              -79.5333784,
              8.9867066
            ],
            [
              -79.5333827,
              8.9867608
            ],
            [
              -79.5330387,
              8.9868442
            ],
            [
              -79.5330867,
              8.9870812
            ],
            [
              -79.5328999,
              8.9871409
            ],
            [
              -79.5328349,
              8.986899
            ],
            [
              -79.5324299,
              8.9870625
            ],
            [
              -79.5323123,
              8.987054
            ],
            [
              -79.5322106,
              8.9870824
            ],
            [
              -79.5325815,
              8.9878922
            ],
            [
              -79.5326558,
              8.9879364
            ],
            [
              -79.5327237,
              8.9879598
            ],
            [
              -79.5327633,
              8.9879517
            ],
            [
              -79.5327891,
              8.9879247
            ],
            [
              -79.5336037,
              8.9867369
            ],
            [
              -79.5335994,
              8.9867041
            ]
          ]
        ]
      },
      "id": "way/226294089"
    },
    {
      "type": "Feature",
      "properties": {
        "@id": "way/228387917",
        "leisure": "park",
        "name": "Plaza de la Democracia"
      },
      "geometry": {
        "type": "Polygon",
        "coordinates": [
          [
            [
              -79.5176227,
              8.9743083
            ],
            [
              -79.5176274,
              8.9742638
            ],
            [
              -79.5176368,
              8.9742207
            ],
            [
              -79.5176531,
              8.9741629
            ],
            [
              -79.5176897,
              8.9740759
            ],
            [
              -79.5176877,
              8.9740587
            ],
            [
              -79.5176634,
              8.9740402
            ],
            [
              -79.5176391,
              8.9740214
            ],
            [
              -79.517613,
              8.9739858
            ],
            [
              -79.5176114,
              8.9739287
            ],
            [
              -79.5176334,
              8.9738808
            ],
            [
              -79.5175859,
              8.9738508
            ],
            [
              -79.5175333,
              8.973844
            ],
            [
              -79.5174432,
              8.9738747
            ],
            [
              -79.5174316,
              8.9737222
            ],
            [
              -79.5174462,
              8.9736179
            ],
            [
              -79.5172723,
              8.9735166
            ],
            [
              -79.517307,
              8.9736648
            ],
            [
              -79.5173294,
              8.9737604
            ],
            [
              -79.5173716,
              8.9739014
            ],
            [
              -79.5174452,
              8.9741047
            ],
            [
              -79.5174763,
              8.9742076
            ],
            [
              -79.5175174,
              8.9743147
            ],
            [
              -79.5175392,
              8.9744035
            ],
            [
              -79.517551,
              8.9744612
            ],
            [
              -79.5175545,
              8.9744911
            ],
            [
              -79.5177391,
              8.9744395
            ],
            [
              -79.5177973,
              8.9744263
            ],
            [
              -79.5177718,
              8.9743501
            ],
            [
              -79.5177313,
              8.9743703
            ],
            [
              -79.5176272,
              8.9744337
            ],
            [
              -79.5176227,
              8.9743083
            ]
          ]
        ]
      },
      "id": "way/228387917"
    },
    {
      "type": "Feature",
      "properties": {
        "@id": "way/300879343",
        "addr:city": "Panana",
        "addr:street": "Vía España",
        "building": "yes",
        "name": "Supermercado Rey",
        "opening_hours": "Mo-Su 06:00-22:30",
        "operator": "El Rey",
        "phone": "+507 6982-6847",
        "shop": "supermarket",
        "website": "https://www.smrey.com/",
        "wheelchair": "yes"
      },
      "geometry": {
        "type": "Polygon",
        "coordinates": [
          [
            [
              -79.5250346,
              8.9849966
            ],
            [
              -79.5253833,
              8.9844827
            ],
            [
              -79.5250507,
              8.9842866
            ],
            [
              -79.5249595,
              8.9843926
            ],
            [
              -79.524879,
              8.9843184
            ],
            [
              -79.5245465,
              8.9846787
            ],
            [
              -79.5250346,
              8.9849966
            ]
          ]
        ]
      },
      "id": "way/300879343"
    },
    {
      "type": "Feature",
      "properties": {
        "@id": "way/304692182",
        "addr:city": "Panamá",
        "addr:street": "Bulevar Joseph I Esses",
        "amenity": "school",
        "name": "La Escuela de Oxford",
        "name:en": "The Oxford School",
        "name:es": "La Escuela de Oxford",
        "wikidata": "Q21072130",
        "wikipedia": "en:The Oxford School (Panama)"
      },
      "geometry": {
        "type": "Polygon",
        "coordinates": [
          [
            [
              -79.5322176,
              8.99284
            ],
            [
              -79.5322907,
              8.9927936
            ],
            [
              -79.5323588,
              8.9927622
            ],
            [
              -79.5324109,
              8.9927437
            ],
            [
              -79.5323104,
              8.9924274
            ],
            [
              -79.5318756,
              8.9910402
            ],
            [
              -79.5317915,
              8.9910844
            ],
            [
              -79.5316143,
              8.9909111
            ],
            [
              -79.5314102,
              8.9911252
            ],
            [
              -79.5314192,
              8.9911865
            ],
            [
              -79.5314438,
              8.9912437
            ],
            [
              -79.5316511,
              8.9917256
            ],
            [
              -79.5318262,
              8.9921327
            ],
            [
              -79.5319879,
              8.9925087
            ],
            [
              -79.5320498,
              8.9926164
            ],
            [
              -79.5320651,
              8.992643
            ],
            [
              -79.5320702,
              8.9926412
            ],
            [
              -79.5322176,
              8.99284
            ]
          ]
        ]
      },
      "id": "way/304692182"
    },
    {
      "type": "Feature",
      "properties": {
        "@id": "way/352060991",
        "leisure": "park",
        "name": "Cinta Costera 1"
      },
      "geometry": {
        "type": "Polygon",
        "coordinates": [
          [
            [
              -79.5242311,
              8.9752321
            ],
            [
              -79.525201,
              8.974749
            ],
            [
              -79.5253458,
              8.974806
            ],
            [
              -79.5253636,
              8.9748323
            ],
            [
              -79.5256044,
              8.9746973
            ],
            [
              -79.5255825,
              8.9746503
            ],
            [
              -79.5255536,
              8.9746265
            ],
            [
              -79.5255068,
              8.9746099
            ],
            [
              -79.5254617,
              8.9746052
            ],
            [
              -79.5251332,
              8.974747
            ],
            [
              -79.5248005,
              8.9748536
            ],
            [
              -79.5245148,
              8.9749367
            ],
            [
              -79.5240517,
              8.9750325
            ],
            [
              -79.5240222,
              8.9753205
            ],
            [
              -79.5240088,
              8.9753704
            ],
            [
              -79.5240115,
              8.9753992
            ],
            [
              -79.5240464,
              8.9754002
            ],
            [
              -79.5242503,
              8.975352
            ],
            [
              -79.5243014,
              8.9753668
            ],
            [
              -79.5242311,
              8.9752321
            ]
          ]
        ]
      },
      "id": "way/352060991"
    },
    {
      "type": "Feature",
      "properties": {
        "@id": "way/382352204",
        "addr:street": "Calle Ricardo Arias",
        "amenity": "pharmacy",
        "building": "yes",
        "healthcare": "pharmacy",
        "name": "City Market",
        "note": "Farmacia - Cafeteria - Deli",
        "shop": "deli",
        "source": "KG Ground Survey 2015"
      },
      "geometry": {
        "type": "Polygon",
        "coordinates": [
          [
            [
              -79.5245553,
              8.9823796
            ],
            [
              -79.5244152,
              8.9825189
            ],
            [
              -79.5245214,
              8.982623
            ],
            [
              -79.5246615,
              8.9824837
            ],
            [
              -79.5245553,
              8.9823796
            ]
          ]
        ]
      },
      "id": "way/382352204"
    },
    {
      "type": "Feature",
      "properties": {
        "@id": "way/382357471",
        "addr:street": "Calle Ricardo Arias",
        "amenity": "pharmacy",
        "building": "yes",
        "healthcare": "pharmacy",
        "name": "UniFarma",
        "source": "KG Ground Survey 2015"
      },
      "geometry": {
        "type": "Polygon",
        "coordinates": [
          [
            [
              -79.5247095,
              8.9823284
            ],
            [
              -79.5247584,
              8.9822793
            ],
            [
              -79.524702,
              8.9822245
            ],
            [
              -79.5246531,
              8.9822737
            ],
            [
              -79.5247095,
              8.9823284
            ]
          ]
        ]
      },
      "id": "way/382357471"
    },
    {
      "type": "Feature",
      "properties": {
        "@id": "way/382546055",
        "addr:city": "Ciudad de Panamá",
        "addr:street": "Avenida Central España",
        "amenity": "clinic",
        "building": "yes",
        "name": "MiniMed",
        "source": "KG Ground Survey 2015"
      },
      "geometry": {
        "type": "Polygon",
        "coordinates": [
          [
            [
              -79.5213228,
              8.9904217
            ],
            [
              -79.5213839,
              8.9904572
            ],
            [
              -79.5213962,
              8.9904628
            ],
            [
              -79.521447,
              8.9903765
            ],
            [
              -79.5213727,
              8.9903342
            ],
            [
              -79.5213228,
              8.9904217
            ]
          ]
        ]
      },
      "id": "way/382546055"
    },
    {
      "type": "Feature",
      "properties": {
        "@id": "way/382573708",
        "addr:city": "Ciudad de Panamá",
        "addr:street": "Calle 55 Este",
        "amenity": "pharmacy",
        "building": "retail",
        "name": "Farmatel",
        "phone": "+507 392 9248;+507 392 9249",
        "source": "KG Ground Survey 2015"
      },
      "geometry": {
        "type": "Polygon",
        "coordinates": [
          [
            [
              -79.5219495,
              8.9877088
            ],
            [
              -79.5218345,
              8.9877738
            ],
            [
              -79.5218572,
              8.987813
            ],
            [
              -79.5219723,
              8.987748
            ],
            [
              -79.5219495,
              8.9877088
            ]
          ]
        ]
      },
      "id": "way/382573708"
    },
    {
      "type": "Feature",
      "properties": {
        "@id": "way/383673791",
        "addr:city": "Ciudad de Panamá",
        "addr:street": "Calle 50",
        "amenity": "clinic",
        "building": "yes",
        "healthcare": "clinic",
        "name": "Laboratorio Clinico",
        "source": "KG Ground Survey 2015"
      },
      "geometry": {
        "type": "Polygon",
        "coordinates": [
          [
            [
              -79.5232814,
              8.98069
            ],
            [
              -79.5233865,
              8.9806879
            ],
            [
              -79.5233369,
              8.9805541
            ],
            [
              -79.5232779,
              8.9805859
            ],
            [
              -79.5232814,
              8.98069
            ]
          ]
        ]
      },
      "id": "way/383673791"
    },
    {
      "type": "Feature",
      "properties": {
        "@id": "way/383679721",
        "addr:city": "Ciudad de Panamá",
        "addr:street": "Calle 50 D Este",
        "amenity": "school",
        "building": "school",
        "name": "Desarrollo Infantil",
        "source": "KG Ground Survey 2015"
      },
      "geometry": {
        "type": "Polygon",
        "coordinates": [
          [
            [
              -79.5213125,
              8.9806157
            ],
            [
              -79.5213447,
              8.9804355
            ],
            [
              -79.5212709,
              8.9804117
            ],
            [
              -79.5212897,
              8.9803402
            ],
            [
              -79.5212079,
              8.9803176
            ],
            [
              -79.5211341,
              8.9805786
            ],
            [
              -79.5213125,
              8.9806157
            ]
          ]
        ]
      },
      "id": "way/383679721"
    },
    {
      "type": "Feature",
      "properties": {
        "@id": "way/383680701",
        "addr:city": "Ciudad de Panamá",
        "addr:street": "Avenida 5A B Sur",
        "amenity": "school",
        "building": "school",
        "description": "Computer Learning Center",
        "name": "New Horizons",
        "source": "KG Ground Survey 2015"
      },
      "geometry": {
        "type": "Polygon",
        "coordinates": [
          [
            [
              -79.5213087,
              8.9783476
            ],
            [
              -79.5210925,
              8.97825
            ],
            [
              -79.5210197,
              8.9784074
            ],
            [
              -79.5212358,
              8.978505
            ],
            [
              -79.5213087,
              8.9783476
            ]
          ]
        ]
      },
      "id": "way/383680701"
    },
    {
      "type": "Feature",
      "properties": {
        "@id": "way/384893717",
        "addr:city": "Ciudad de Panamá",
        "amenity": "clinic",
        "building": "yes",
        "healthcare": "clinic",
        "name": "Laboratorio Clinico Fernandez",
        "source": "KG Ground Survey 2015"
      },
      "geometry": {
        "type": "Polygon",
        "coordinates": [
          [
            [
              -79.5188802,
              8.9795377
            ],
            [
              -79.5185907,
              8.9797016
            ],
            [
              -79.5186404,
              8.9797872
            ],
            [
              -79.5189299,
              8.9796233
            ],
            [
              -79.5188802,
              8.9795377
            ]
          ]
        ]
      },
      "id": "way/384893717"
    },
    {
      "type": "Feature",
      "properties": {
        "@id": "way/385876342",
        "addr:city": "Ciudad de Panamá",
        "addr:street": "Calle 50",
        "amenity": "clinic",
        "building": "yes",
        "healthcare": "clinic",
        "name": "Medical Depot",
        "source": "KG Ground Survey 2015"
      },
      "geometry": {
        "type": "Polygon",
        "coordinates": [
          [
            [
              -79.5266011,
              8.9790739
            ],
            [
              -79.5265097,
              8.9790929
            ],
            [
              -79.5265196,
              8.9791391
            ],
            [
              -79.5264802,
              8.9791473
            ],
            [
              -79.5265213,
              8.9793401
            ],
            [
              -79.5266521,
              8.9793129
            ],
            [
              -79.5266011,
              8.9790739
            ]
          ]
        ]
      },
      "id": "way/385876342"
    },
    {
      "type": "Feature",
      "properties": {
        "@id": "way/385913796",
        "addr:street": "Calle 62 Oeste",
        "amenity": "school",
        "building": "school",
        "building:levels": "2",
        "name": "Colegio de C.P.A.",
        "source": "KG Ground Survey 2015"
      },
      "geometry": {
        "type": "Polygon",
        "coordinates": [
          [
            [
              -79.5292956,
              8.9970082
            ],
            [
              -79.5293601,
              8.9970074
            ],
            [
              -79.5293596,
              8.9969721
            ],
            [
              -79.5294303,
              8.9969712
            ],
            [
              -79.5294281,
              8.9968083
            ],
            [
              -79.5294574,
              8.9968079
            ],
            [
              -79.5294548,
              8.9966192
            ],
            [
              -79.529273,
              8.9966217
            ],
            [
              -79.5292766,
              8.9968772
            ],
            [
              -79.5292938,
              8.9968769
            ],
            [
              -79.5292956,
              8.9970082
            ]
          ]
        ]
      },
      "id": "way/385913796"
    },
    {
      "type": "Feature",
      "properties": {
        "@id": "way/435359940",
        "amenity": "school",
        "building": "yes",
        "building:levels": "2",
        "name": "The Oxford School - High School Area"
      },
      "geometry": {
        "type": "Polygon",
        "coordinates": [
          [
            [
              -79.5297763,
              8.994465
            ],
            [
              -79.5294489,
              8.9942471
            ],
            [
              -79.5292554,
              8.9945305
            ],
            [
              -79.5295828,
              8.9947485
            ],
            [
              -79.5297763,
              8.994465
            ]
          ]
        ]
      },
      "id": "way/435359940"
    },
    {
      "type": "Feature",
      "properties": {
        "@id": "way/437332232",
        "addr:city": "Panama",
        "addr:street": "Urbanización Edison Park",
        "amenity": "school",
        "name": "Colegio Alemán Nikolaus Kopernikus Panamá"
      },
      "geometry": {
        "type": "Polygon",
        "coordinates": [
          [
            [
              -79.5317293,
              8.9935882
            ],
            [
              -79.5316999,
              8.9936304
            ],
            [
              -79.5316346,
              8.9937244
            ],
            [
              -79.5315242,
              8.9938831
            ],
            [
              -79.5316491,
              8.9941413
            ],
            [
              -79.5318573,
              8.9942679
            ],
            [
              -79.5321503,
              8.994186
            ],
            [
              -79.5324247,
              8.994028
            ],
            [
              -79.5324113,
              8.9937956
            ],
            [
              -79.5320703,
              8.993423
            ],
            [
              -79.5318904,
              8.9933162
            ],
            [
              -79.5318059,
              8.9933157
            ],
            [
              -79.5317582,
              8.9933526
            ],
            [
              -79.5316901,
              8.9934505
            ],
            [
              -79.5316668,
              8.9935114
            ],
            [
              -79.5316887,
              8.9935577
            ],
            [
              -79.5317293,
              8.9935882
            ]
          ]
        ]
      },
      "id": "way/437332232"
    },
    {
      "type": "Feature",
      "properties": {
        "@id": "way/445523354",
        "leisure": "park",
        "name": "Parque Ricardo Galindo Q"
      },
      "geometry": {
        "type": "Polygon",
        "coordinates": [
          [
            [
              -79.5201508,
              8.9771615
            ],
            [
              -79.5201767,
              8.9768833
            ],
            [
              -79.5196485,
              8.9768355
            ],
            [
              -79.5196227,
              8.9771137
            ],
            [
              -79.5201508,
              8.9771615
            ]
          ]
        ]
      },
      "id": "way/445523354"
    },
    {
      "type": "Feature",
      "properties": {
        "@id": "way/481927742",
        "addr:housenumber": "6",
        "addr:street": "Calle Aquilino de La Guardia",
        "amenity": "pharmacy",
        "building": "retail",
        "healthcare": "pharmacy",
        "image": "https://www.arrochaparati.com/media/cache/big/uploads/Tiendas/18.%20VIA%20ESPAN%CC%83A.jpg",
        "name": "Arrocha",
        "opening_hours": "Mo-Su 07:00-21:30",
        "website": "https://www.arrochaparati.com/es/tiendas-app/farmacia-arrocha-via-espa%C3%B1a"
      },
      "geometry": {
        "type": "Polygon",
        "coordinates": [
          [
            [
              -79.5266329,
              8.9818868
            ],
            [
              -79.5267453,
              8.9816995
            ],
            [
              -79.5266126,
              8.981603
            ],
            [
              -79.5264812,
              8.9817791
            ],
            [
              -79.5265856,
              8.9818532
            ],
            [
              -79.5266329,
              8.9818868
            ]
          ]
        ]
      },
      "id": "way/481927742"
    },
    {
      "type": "Feature",
      "properties": {
        "@id": "way/495813247",
        "leisure": "park"
      },
      "geometry": {
        "type": "Polygon",
        "coordinates": [
          [
            [
              -79.5210885,
              8.974709
            ],
            [
              -79.5210983,
              8.9746636
            ],
            [
              -79.5211029,
              8.9746357
            ],
            [
              -79.5207907,
              8.9745957
            ],
            [
              -79.5207765,
              8.9746021
            ],
            [
              -79.5208164,
              8.9746219
            ],
            [
              -79.5209012,
              8.9746394
            ],
            [
              -79.5209564,
              8.9746458
            ],
            [
              -79.5209507,
              8.9746849
            ],
            [
              -79.5210219,
              8.9746959
            ],
            [
              -79.5210885,
              8.974709
            ]
          ]
        ]
      },
      "id": "way/495813247"
    },
    {
      "type": "Feature",
      "properties": {
        "@id": "way/495813248",
        "leisure": "park",
        "name": "Cinta Costera 1"
      },
      "geometry": {
        "type": "Polygon",
        "coordinates": [
          [
            [
              -79.5223748,
              8.9755582
            ],
            [
              -79.5225975,
              8.9755701
            ],
            [
              -79.5227262,
              8.9754986
            ],
            [
              -79.5227852,
              8.9753409
            ],
            [
              -79.5227463,
              8.975182
            ],
            [
              -79.5225841,
              8.9750734
            ],
            [
              -79.5223842,
              8.9750416
            ],
            [
              -79.5220583,
              8.975019
            ],
            [
              -79.5216399,
              8.9749767
            ],
            [
              -79.5211316,
              8.9749078
            ],
            [
              -79.520799,
              8.974868
            ],
            [
              -79.5198361,
              8.9747939
            ],
            [
              -79.519352,
              8.9748469
            ],
            [
              -79.5191347,
              8.9749316
            ],
            [
              -79.5188343,
              8.9751038
            ],
            [
              -79.5190355,
              8.9750455
            ],
            [
              -79.5192689,
              8.975068
            ],
            [
              -79.5198093,
              8.9751727
            ],
            [
              -79.5200225,
              8.9752363
            ],
            [
              -79.520559,
              8.9753741
            ],
            [
              -79.5207213,
              8.9754125
            ],
            [
              -79.5208902,
              8.9754469
            ],
            [
              -79.521652,
              8.9754827
            ],
            [
              -79.5222045,
              8.9755357
            ],
            [
              -79.5223748,
              8.9755582
            ]
          ]
        ]
      },
      "id": "way/495813248"
    },
    {
      "type": "Feature",
      "properties": {
        "@id": "way/589312995",
        "leisure": "park"
      },
      "geometry": {
        "type": "Polygon",
        "coordinates": [
          [
            [
              -79.5325886,
              8.985139
            ],
            [
              -79.5324939,
              8.9850682
            ],
            [
              -79.5324144,
              8.9851719
            ],
            [
              -79.5325088,
              8.9852426
            ],
            [
              -79.5325886,
              8.985139
            ]
          ]
        ]
      },
      "id": "way/589312995"
    },
    {
      "type": "Feature",
      "properties": {
        "@id": "way/589312997",
        "leisure": "park"
      },
      "geometry": {
        "type": "Polygon",
        "coordinates": [
          [
            [
              -79.5328022,
              8.9855014
            ],
            [
              -79.5328733,
              8.9855498
            ],
            [
              -79.5329327,
              8.9854778
            ],
            [
              -79.5329667,
              8.9854342
            ],
            [
              -79.5329608,
              8.9853777
            ],
            [
              -79.5329007,
              8.9853737
            ],
            [
              -79.5328022,
              8.9855014
            ]
          ]
        ]
      },
      "id": "way/589312997"
    },
    {
      "type": "Feature",
      "properties": {
        "@id": "way/661307925",
        "addr:housenumber": "101",
        "amenity": "pharmacy",
        "dispensing": "yes",
        "healthcare": "pharmacy",
        "indoor": "room",
        "level": "0",
        "level:ref": "1",
        "name": "Farmaplus"
      },
      "geometry": {
        "type": "Polygon",
        "coordinates": [
          [
            [
              -79.5173728,
              8.9758695
            ],
            [
              -79.5173727,
              8.9758859
            ],
            [
              -79.5173727,
              8.9759088
            ],
            [
              -79.5173726,
              8.9759482
            ],
            [
              -79.5173725,
              8.9759874
            ],
            [
              -79.5176814,
              8.9759871
            ],
            [
              -79.5176807,
              8.9758693
            ],
            [
              -79.5173728,
              8.9758695
            ]
          ]
        ]
      },
      "id": "way/661307925"
    },
    {
      "type": "Feature",
      "properties": {
        "@id": "way/662058309",
        "indoor": "shop",
        "level": "-2",
        "name": "Deli K Market",
        "room": "retail",
        "shop": "supermarket"
      },
      "geometry": {
        "type": "Polygon",
        "coordinates": [
          [
            [
              -79.5186,
              8.9770772
            ],
            [
              -79.5185961,
              8.9766441
            ],
            [
              -79.5184848,
              8.9765567
            ],
            [
              -79.5181192,
              8.9765599
            ],
            [
              -79.5181237,
              8.977055
            ],
            [
              -79.5181239,
              8.9770814
            ],
            [
              -79.5186,
              8.9770772
            ]
          ]
        ]
      },
      "id": "way/662058309"
    },
    {
      "type": "Feature",
      "properties": {
        "@id": "way/677694927",
        "addr:city": "Curundú",
        "addr:street": "Vía Transístmica",
        "amenity": "school",
        "name": "Colegio de Artes y Oficios Melchor Lasso de la Vega",
        "operator": "Ministerio de Educación",
        "operator:short": "MEDUCA",
        "operator:type": "government",
        "operator:wikidata": "Q29052356"
      },
      "geometry": {
        "type": "Polygon",
        "coordinates": [
          [
            [
              -79.5353345,
              8.9847876
            ],
            [
              -79.5353225,
              8.9848074
            ],
            [
              -79.5348034,
              8.9856649
            ],
            [
              -79.5339455,
              8.9870959
            ],
            [
              -79.533897,
              8.9871759
            ],
            [
              -79.5338233,
              8.987239
            ],
            [
              -79.5331702,
              8.9883219
            ],
            [
              -79.5331646,
              8.9883676
            ],
            [
              -79.5331748,
              8.9884378
            ],
            [
              -79.5331983,
              8.9884987
            ],
            [
              -79.5332602,
              8.9885819
            ],
            [
              -79.5333233,
              8.9886248
            ],
            [
              -79.53339,
              8.9886562
            ],
            [
              -79.5333922,
              8.9886279
            ],
            [
              -79.5340227,
              8.9886826
            ],
            [
              -79.5344701,
              8.9886073
            ],
            [
              -79.5352084,
              8.9883115
            ],
            [
              -79.5358117,
              8.9880922
            ],
            [
              -79.5364318,
              8.9878078
            ],
            [
              -79.5367329,
              8.9876617
            ],
            [
              -79.5370187,
              8.9874517
            ],
            [
              -79.5372174,
              8.9872706
            ],
            [
              -79.5373253,
              8.9871093
            ],
            [
              -79.5373358,
              8.9869608
            ],
            [
              -79.5373007,
              8.9868121
            ],
            [
              -79.5370858,
              8.9862554
            ],
            [
              -79.5366424,
              8.9851073
            ],
            [
              -79.5361634,
              8.9852862
            ],
            [
              -79.5356588,
              8.9849878
            ],
            [
              -79.5355995,
              8.9849512
            ],
            [
              -79.5355582,
              8.9849257
            ],
            [
              -79.5353345,
              8.9847876
            ]
          ]
        ]
      },
      "id": "way/677694927"
    },
    {
      "type": "Feature",
      "properties": {
        "@id": "way/694574412",
        "leisure": "park"
      },
      "geometry": {
        "type": "Polygon",
        "coordinates": [
          [
            [
              -79.5273249,
              8.9749711
            ],
            [
              -79.5272078,
              8.9750472
            ],
            [
              -79.5269244,
              8.9752161
            ],
            [
              -79.5267796,
              8.9752907
            ],
            [
              -79.5266563,
              8.9753378
            ],
            [
              -79.5265038,
              8.9753881
            ],
            [
              -79.5261587,
              8.9754778
            ],
            [
              -79.5261649,
              8.975522
            ],
            [
              -79.5265115,
              8.9754352
            ],
            [
              -79.5267488,
              8.9753515
            ],
            [
              -79.5268812,
              8.9752968
            ],
            [
              -79.5270384,
              8.9751902
            ],
            [
              -79.5273249,
              8.9749711
            ]
          ]
        ]
      },
      "id": "way/694574412"
    },
    {
      "type": "Feature",
      "properties": {
        "@id": "way/694574413",
        "leisure": "park"
      },
      "geometry": {
        "type": "Polygon",
        "coordinates": [
          [
            [
              -79.5254809,
              8.9756117
            ],
            [
              -79.5248816,
              8.9757472
            ],
            [
              -79.5244904,
              8.9758156
            ],
            [
              -79.5240235,
              8.9758279
            ],
            [
              -79.5228114,
              8.9757202
            ],
            [
              -79.5232614,
              8.9758394
            ],
            [
              -79.5234955,
              8.9758757
            ],
            [
              -79.5239706,
              8.9759067
            ],
            [
              -79.5241468,
              8.9759054
            ],
            [
              -79.5244932,
              8.9758738
            ],
            [
              -79.5246747,
              8.9758454
            ],
            [
              -79.5247915,
              8.9758233
            ],
            [
              -79.5248967,
              8.9757966
            ],
            [
              -79.5251805,
              8.9757106
            ],
            [
              -79.5254809,
              8.9756117
            ]
          ]
        ]
      },
      "id": "way/694574413"
    },
    {
      "type": "Feature",
      "properties": {
        "@id": "way/694574414",
        "leisure": "park"
      },
      "geometry": {
        "type": "Polygon",
        "coordinates": [
          [
            [
              -79.5194679,
              8.9751972
            ],
            [
              -79.519304,
              8.975156
            ],
            [
              -79.5191724,
              8.9751417
            ],
            [
              -79.519042,
              8.9751432
            ],
            [
              -79.5188489,
              8.9751873
            ],
            [
              -79.5189098,
              8.9752756
            ],
            [
              -79.5190155,
              8.9753499
            ],
            [
              -79.520643,
              8.9754996
            ],
            [
              -79.5201851,
              8.9753818
            ],
            [
              -79.5194679,
              8.9751972
            ]
          ]
        ]
      },
      "id": "way/694574414"
    },
    {
      "type": "Feature",
      "properties": {
        "@id": "way/694574415",
        "leisure": "park"
      },
      "geometry": {
        "type": "Polygon",
        "coordinates": [
          [
            [
              -79.5188143,
              8.9752274
            ],
            [
              -79.5186192,
              8.9753097
            ],
            [
              -79.5189098,
              8.9753439
            ],
            [
              -79.5188428,
              8.9752977
            ],
            [
              -79.5188143,
              8.9752274
            ]
          ]
        ]
      },
      "id": "way/694574415"
    },
    {
      "type": "Feature",
      "properties": {
        "@id": "way/694574416",
        "leisure": "park"
      },
      "geometry": {
        "type": "Polygon",
        "coordinates": [
          [
            [
              -79.5182614,
              8.9752395
            ],
            [
              -79.5184708,
              8.9751732
            ],
            [
              -79.5186104,
              8.9751083
            ],
            [
              -79.5186402,
              8.9750896
            ],
            [
              -79.518636,
              8.9750383
            ],
            [
              -79.5186212,
              8.9750045
            ],
            [
              -79.5185663,
              8.9749343
            ],
            [
              -79.5184647,
              8.9748821
            ],
            [
              -79.5183927,
              8.9748827
            ],
            [
              -79.5183642,
              8.9749283
            ],
            [
              -79.5183907,
              8.9749816
            ],
            [
              -79.5183508,
              8.9750057
            ],
            [
              -79.5182614,
              8.9752395
            ]
          ]
        ]
      },
      "id": "way/694574416"
    },
    {
      "type": "Feature",
      "properties": {
        "@id": "way/695497017",
        "leisure": "park"
      },
      "geometry": {
        "type": "Polygon",
        "coordinates": [
          [
            [
              -79.528218,
              8.9723535
            ],
            [
              -79.5282748,
              8.9723948
            ],
            [
              -79.5281927,
              8.9725047
            ],
            [
              -79.5280828,
              8.9724247
            ],
            [
              -79.5281136,
              8.9723835
            ],
            [
              -79.5280462,
              8.9723378
            ],
            [
              -79.5279543,
              8.9724617
            ],
            [
              -79.5279276,
              8.9724939
            ],
            [
              -79.5276984,
              8.9727702
            ],
            [
              -79.5276916,
              8.9727784
            ],
            [
              -79.5274158,
              8.9730721
            ],
            [
              -79.5272537,
              8.9732209
            ],
            [
              -79.5271182,
              8.973334
            ],
            [
              -79.5268717,
              8.9735053
            ],
            [
              -79.5268154,
              8.9735444
            ],
            [
              -79.5266162,
              8.9736618
            ],
            [
              -79.5265612,
              8.9736925
            ],
            [
              -79.5264377,
              8.9737615
            ],
            [
              -79.5262772,
              8.9738321
            ],
            [
              -79.5262538,
              8.9738429
            ],
            [
              -79.5259874,
              8.9739656
            ],
            [
              -79.5259365,
              8.9739899
            ],
            [
              -79.5258062,
              8.9740522
            ],
            [
              -79.5256039,
              8.974148
            ],
            [
              -79.5255334,
              8.9741813
            ],
            [
              -79.5255592,
              8.9742366
            ],
            [
              -79.5255973,
              8.9742698
            ],
            [
              -79.5256421,
              8.9742742
            ],
            [
              -79.5258774,
              8.9741437
            ],
            [
              -79.5262904,
              8.9739128
            ],
            [
              -79.5264286,
              8.9738553
            ],
            [
              -79.5265711,
              8.9738006
            ],
            [
              -79.5267995,
              8.9736747
            ],
            [
              -79.5270049,
              8.973559
            ],
            [
              -79.5272176,
              8.9734321
            ],
            [
              -79.5274102,
              8.9733085
            ],
            [
              -79.5274622,
              8.973272
            ],
            [
              -79.5275028,
              8.9732427
            ],
            [
              -79.5275254,
              8.9732265
            ],
            [
              -79.5276235,
              8.973159
            ],
            [
              -79.5277806,
              8.9730405
            ],
            [
              -79.5279277,
              8.9729152
            ],
            [
              -79.5280637,
              8.9727985
            ],
            [
              -79.5281717,
              8.9727065
            ],
            [
              -79.5282818,
              8.9725957
            ],
            [
              -79.52834,
              8.9725467
            ],
            [
              -79.5283984,
              8.9724594
            ],
            [
              -79.5284329,
              8.9724084
            ],
            [
              -79.5284517,
              8.9723787
            ],
            [
              -79.5284327,
              8.9723433
            ],
            [
              -79.528408,
              8.9723278
            ],
            [
              -79.5283531,
              8.972299
            ],
            [
              -79.5282434,
              8.9723123
            ],
            [
              -79.528218,
              8.9723535
            ]
          ]
        ]
      },
      "id": "way/695497017"
    },
    {
      "type": "Feature",
      "properties": {
        "@id": "way/695497018",
        "leisure": "park"
      },
      "geometry": {
        "type": "Polygon",
        "coordinates": [
          [
            [
              -79.5254898,
              8.9742818
            ],
            [
              -79.525497,
              8.9743303
            ],
            [
              -79.5254888,
              8.9743953
            ],
            [
              -79.5256049,
              8.9743365
            ],
            [
              -79.525548,
              8.9743245
            ],
            [
              -79.5254898,
              8.9742818
            ]
          ]
        ]
      },
      "id": "way/695497018"
    },
    {
      "type": "Feature",
      "properties": {
        "@id": "way/695497019",
        "leisure": "park"
      },
      "geometry": {
        "type": "Polygon",
        "coordinates": [
          [
            [
              -79.5256186,
              8.9744756
            ],
            [
              -79.5255144,
              8.9745287
            ],
            [
              -79.5255727,
              8.9745409
            ],
            [
              -79.5256107,
              8.9745608
            ],
            [
              -79.5256096,
              8.9745254
            ],
            [
              -79.5256186,
              8.9744756
            ]
          ]
        ]
      },
      "id": "way/695497019"
    },
    {
      "type": "Feature",
      "properties": {
        "@id": "way/695497020",
        "leisure": "park"
      },
      "geometry": {
        "type": "Polygon",
        "coordinates": [
          [
            [
              -79.5253733,
              8.9742543
            ],
            [
              -79.525311,
              8.9742864
            ],
            [
              -79.5252422,
              8.9743218
            ],
            [
              -79.5249962,
              8.9744243
            ],
            [
              -79.5249476,
              8.9744446
            ],
            [
              -79.5246596,
              8.9745387
            ],
            [
              -79.5246496,
              8.9745415
            ],
            [
              -79.5244726,
              8.9745907
            ],
            [
              -79.5242959,
              8.9746335
            ],
            [
              -79.524255,
              8.9746434
            ],
            [
              -79.5240357,
              8.9746848
            ],
            [
              -79.5239453,
              8.9746975
            ],
            [
              -79.5239023,
              8.9747036
            ],
            [
              -79.5235707,
              8.9747423
            ],
            [
              -79.5232952,
              8.9747666
            ],
            [
              -79.5232137,
              8.9747701
            ],
            [
              -79.5230621,
              8.9747766
            ],
            [
              -79.5228504,
              8.9747766
            ],
            [
              -79.5225409,
              8.9747634
            ],
            [
              -79.5225121,
              8.9747622
            ],
            [
              -79.5221304,
              8.9747409
            ],
            [
              -79.5220382,
              8.9747357
            ],
            [
              -79.5218803,
              8.9747224
            ],
            [
              -79.5217463,
              8.9747065
            ],
            [
              -79.5215666,
              8.9746859
            ],
            [
              -79.5214383,
              8.9746727
            ],
            [
              -79.5211802,
              8.9746463
            ],
            [
              -79.5211454,
              8.9746427
            ],
            [
              -79.5211409,
              8.9746836
            ],
            [
              -79.5214288,
              8.9747102
            ],
            [
              -79.5217929,
              8.9747489
            ],
            [
              -79.5220248,
              8.9747666
            ],
            [
              -79.522176,
              8.9747788
            ],
            [
              -79.5222119,
              8.9747965
            ],
            [
              -79.5222287,
              8.974822
            ],
            [
              -79.5222186,
              8.9749083
            ],
            [
              -79.5224135,
              8.9749193
            ],
            [
              -79.5227362,
              8.9749271
            ],
            [
              -79.5228807,
              8.9749382
            ],
            [
              -79.5233433,
              8.9749337
            ],
            [
              -79.5236581,
              8.9749127
            ],
            [
              -79.5240166,
              8.9748574
            ],
            [
              -79.5243885,
              8.97475
            ],
            [
              -79.5247291,
              8.9746582
            ],
            [
              -79.5252018,
              8.9744891
            ],
            [
              -79.525416,
              8.9743931
            ],
            [
              -79.5254113,
              8.9743262
            ],
            [
              -79.5253733,
              8.9742543
            ]
          ]
        ]
      },
      "id": "way/695497020"
    },
    {
      "type": "Feature",
      "properties": {
        "@id": "way/695497021",
        "leisure": "park"
      },
      "geometry": {
        "type": "Polygon",
        "coordinates": [
          [
            [
              -79.5207348,
              8.9745886
            ],
            [
              -79.5204077,
              8.974541
            ],
            [
              -79.5203215,
              8.9746074
            ],
            [
              -79.5198147,
              8.9745458
            ],
            [
              -79.5197674,
              8.9745197
            ],
            [
              -79.5196867,
              8.9744396
            ],
            [
              -79.5195766,
              8.9744434
            ],
            [
              -79.5194852,
              8.9744541
            ],
            [
              -79.5193905,
              8.9744658
            ],
            [
              -79.5192592,
              8.9745146
            ],
            [
              -79.5192142,
              8.97454
            ],
            [
              -79.5191425,
              8.9747163
            ],
            [
              -79.519183,
              8.9746997
            ],
            [
              -79.5193519,
              8.9746361
            ],
            [
              -79.5194861,
              8.9746104
            ],
            [
              -79.5195438,
              8.974606
            ],
            [
              -79.5196261,
              8.9746059
            ],
            [
              -79.5198029,
              8.9746188
            ],
            [
              -79.5200952,
              8.9746451
            ],
            [
              -79.5203472,
              8.9746749
            ],
            [
              -79.5206743,
              8.9747126
            ],
            [
              -79.520774,
              8.9747247
            ],
            [
              -79.5208558,
              8.9747126
            ],
            [
              -79.5208827,
              8.9747004
            ],
            [
              -79.5208816,
              8.9746683
            ],
            [
              -79.5208614,
              8.9746495
            ],
            [
              -79.5207942,
              8.974634
            ],
            [
              -79.5207348,
              8.9745886
            ]
          ]
        ]
      },
      "id": "way/695497021"
    },
    {
      "type": "Feature",
      "properties": {
        "@id": "way/695497022",
        "leisure": "park"
      },
      "geometry": {
        "type": "Polygon",
        "coordinates": [
          [
            [
              -79.5203595,
              8.9745366
            ],
            [
              -79.5203315,
              8.97453
            ],
            [
              -79.5201534,
              8.9745023
            ],
            [
              -79.5197882,
              8.9744481
            ],
            [
              -79.5197176,
              8.974437
            ],
            [
              -79.5197913,
              8.9745062
            ],
            [
              -79.5200996,
              8.9745543
            ],
            [
              -79.5202991,
              8.9745798
            ],
            [
              -79.5203338,
              8.9745621
            ],
            [
              -79.5203595,
              8.9745366
            ]
          ]
        ]
      },
      "id": "way/695497022"
    },
    {
      "type": "Feature",
      "properties": {
        "@id": "way/695497023",
        "leisure": "park"
      },
      "geometry": {
        "type": "Polygon",
        "coordinates": [
          [
            [
              -79.519134,
              8.9745255
            ],
            [
              -79.5190791,
              8.974551
            ],
            [
              -79.5190029,
              8.9745886
            ],
            [
              -79.5189917,
              8.9746185
            ],
            [
              -79.5190029,
              8.9746428
            ],
            [
              -79.5190376,
              8.9746594
            ],
            [
              -79.5190645,
              8.9746473
            ],
            [
              -79.5190959,
              8.9745853
            ],
            [
              -79.519134,
              8.9745255
            ]
          ]
        ]
      },
      "id": "way/695497023"
    },
    {
      "type": "Feature",
      "properties": {
        "@id": "way/695497024",
        "leisure": "park"
      },
      "geometry": {
        "type": "Polygon",
        "coordinates": [
          [
            [
              -79.5191821,
              8.9744785
            ],
            [
              -79.5192423,
              8.9744553
            ],
            [
              -79.5193973,
              8.9744075
            ],
            [
              -79.519604,
              8.9743801
            ],
            [
              -79.5197229,
              8.97438
            ],
            [
              -79.5200167,
              8.974406
            ],
            [
              -79.5203943,
              8.9744702
            ],
            [
              -79.5207718,
              8.9745344
            ],
            [
              -79.5210082,
              8.9745543
            ],
            [
              -79.5213454,
              8.9745831
            ],
            [
              -79.5216691,
              8.9746074
            ],
            [
              -79.5218904,
              8.974626
            ],
            [
              -79.5222131,
              8.9746623
            ],
            [
              -79.5224589,
              8.9746993
            ],
            [
              -79.5227883,
              8.9747159
            ],
            [
              -79.5231748,
              8.9747126
            ],
            [
              -79.5236174,
              8.9746842
            ],
            [
              -79.5239355,
              8.9746391
            ],
            [
              -79.5242468,
              8.9745818
            ],
            [
              -79.5244136,
              8.9745465
            ],
            [
              -79.5247179,
              8.9744588
            ],
            [
              -79.5250264,
              8.9743504
            ],
            [
              -79.5252145,
              8.9742823
            ],
            [
              -79.5253559,
              8.9742234
            ],
            [
              -79.5253414,
              8.9741781
            ],
            [
              -79.5252882,
              8.9742046
            ],
            [
              -79.5248949,
              8.974355
            ],
            [
              -79.5246868,
              8.9744293
            ],
            [
              -79.5244625,
              8.9744905
            ],
            [
              -79.5244479,
              8.9744945
            ],
            [
              -79.5243703,
              8.9745134
            ],
            [
              -79.5242662,
              8.9745388
            ],
            [
              -79.5241477,
              8.9745622
            ],
            [
              -79.5240557,
              8.9745803
            ],
            [
              -79.5240267,
              8.9745861
            ],
            [
              -79.5239169,
              8.9746031
            ],
            [
              -79.5237898,
              8.9746228
            ],
            [
              -79.5235448,
              8.97465
            ],
            [
              -79.5235038,
              8.9746534
            ],
            [
              -79.5233114,
              8.9746692
            ],
            [
              -79.5232246,
              8.9746737
            ],
            [
              -79.5230735,
              8.9746815
            ],
            [
              -79.5229546,
              8.9746814
            ],
            [
              -79.5228072,
              8.9746813
            ],
            [
              -79.5227445,
              8.9746772
            ],
            [
              -79.5225802,
              8.9746666
            ],
            [
              -79.5223937,
              8.9746556
            ],
            [
              -79.5222293,
              8.9746218
            ],
            [
              -79.5222209,
              8.9746211
            ],
            [
              -79.5220834,
              8.9746092
            ],
            [
              -79.5218316,
              8.9745875
            ],
            [
              -79.5214932,
              8.9745499
            ],
            [
              -79.5211773,
              8.9745289
            ],
            [
              -79.5209832,
              8.9745101
            ],
            [
              -79.5208569,
              8.9744979
            ],
            [
              -79.5208066,
              8.9744926
            ],
            [
              -79.5207102,
              8.9744824
            ],
            [
              -79.5205655,
              8.9744683
            ],
            [
              -79.5202352,
              8.9744027
            ],
            [
              -79.5197273,
              8.9743434
            ],
            [
              -79.5196018,
              8.9743449
            ],
            [
              -79.5195761,
              8.9743482
            ],
            [
              -79.5194551,
              8.9743639
            ],
            [
              -79.5194452,
              8.9743661
            ],
            [
              -79.5192713,
              8.9744048
            ],
            [
              -79.5192624,
              8.9744068
            ],
            [
              -79.5191784,
              8.9744472
            ],
            [
              -79.5191645,
              8.9744539
            ],
            [
              -79.5190422,
              8.9745148
            ],
            [
              -79.5189538,
              8.9745589
            ],
            [
              -79.5189206,
              8.9745755
            ],
            [
              -79.5188815,
              8.9745952
            ],
            [
              -79.5188102,
              8.974631
            ],
            [
              -79.5187833,
              8.9746445
            ],
            [
              -79.5187116,
              8.9746805
            ],
            [
              -79.5186932,
              8.9746935
            ],
            [
              -79.5186998,
              8.9747219
            ],
            [
              -79.518677,
              8.9747409
            ],
            [
              -79.5187766,
              8.9747679
            ],
            [
              -79.5188393,
              8.9748177
            ],
            [
              -79.5188629,
              8.9748177
            ],
            [
              -79.5189816,
              8.9747579
            ],
            [
              -79.519088,
              8.9746937
            ],
            [
              -79.5191385,
              8.9745908
            ],
            [
              -79.5191911,
              8.9745085
            ],
            [
              -79.519176,
              8.9745022
            ],
            [
              -79.5191367,
              8.9745565
            ],
            [
              -79.5191026,
              8.9746318
            ],
            [
              -79.5190802,
              8.9746694
            ],
            [
              -79.51905,
              8.9746871
            ],
            [
              -79.5190119,
              8.9746827
            ],
            [
              -79.518976,
              8.9746583
            ],
            [
              -79.5189615,
              8.9746218
            ],
            [
              -79.518976,
              8.9745742
            ],
            [
              -79.5190768,
              8.9745189
            ],
            [
              -79.5191821,
              8.9744785
            ]
          ]
        ]
      },
      "id": "way/695497024"
    },
    {
      "type": "Feature",
      "properties": {
        "@id": "way/695635630",
        "leisure": "park"
      },
      "geometry": {
        "type": "Polygon",
        "coordinates": [
          [
            [
              -79.5185977,
              8.9747451
            ],
            [
              -79.5185871,
              8.9747687
            ],
            [
              -79.5186898,
              8.9748098
            ],
            [
              -79.5187632,
              8.9748159
            ],
            [
              -79.5187703,
              8.9747914
            ],
            [
              -79.5187314,
              8.9747774
            ],
            [
              -79.5186783,
              8.9747652
            ],
            [
              -79.5185977,
              8.9747451
            ]
          ]
        ]
      },
      "id": "way/695635630"
    },
    {
      "type": "Feature",
      "properties": {
        "@id": "way/695635632",
        "leisure": "park"
      },
      "geometry": {
        "type": "Polygon",
        "coordinates": [
          [
            [
              -79.5181592,
              8.9746659
            ],
            [
              -79.518084,
              8.9746222
            ],
            [
              -79.5180211,
              8.9746064
            ],
            [
              -79.5179344,
              8.9746003
            ],
            [
              -79.5178459,
              8.9746003
            ],
            [
              -79.5177699,
              8.9746143
            ],
            [
              -79.5176681,
              8.9746545
            ],
            [
              -79.5176393,
              8.9747089
            ],
            [
              -79.5177919,
              8.9746449
            ],
            [
              -79.5178038,
              8.9746676
            ],
            [
              -79.5179239,
              8.9748947
            ],
            [
              -79.5179707,
              8.9749831
            ],
            [
              -79.5180654,
              8.9751448
            ],
            [
              -79.518084,
              8.9751623
            ],
            [
              -79.5181034,
              8.9751675
            ],
            [
              -79.5180963,
              8.9751107
            ],
            [
              -79.5181061,
              8.9750801
            ],
            [
              -79.5180999,
              8.9750207
            ],
            [
              -79.5180229,
              8.9749595
            ],
            [
              -79.5180149,
              8.9749263
            ],
            [
              -79.518022,
              8.9748625
            ],
            [
              -79.5180786,
              8.9748066
            ],
            [
              -79.5181592,
              8.9746659
            ]
          ]
        ]
      },
      "id": "way/695635632"
    },
    {
      "type": "Feature",
      "properties": {
        "@id": "way/695635633",
        "leisure": "park"
      },
      "geometry": {
        "type": "Polygon",
        "coordinates": [
          [
            [
              -79.5198604,
              8.9747101
            ],
            [
              -79.5197108,
              8.9746866
            ],
            [
              -79.519579,
              8.9746804
            ],
            [
              -79.5194879,
              8.9746874
            ],
            [
              -79.5193631,
              8.974711
            ],
            [
              -79.5192826,
              8.9747381
            ],
            [
              -79.5191286,
              8.9748037
            ],
            [
              -79.5190614,
              8.9748386
            ],
            [
              -79.51898,
              8.9748788
            ],
            [
              -79.5189172,
              8.9749269
            ],
            [
              -79.5188897,
              8.9749688
            ],
            [
              -79.5191065,
              8.9748509
            ],
            [
              -79.519272,
              8.9747818
            ],
            [
              -79.5194003,
              8.9747425
            ],
            [
              -79.519556,
              8.9747154
            ],
            [
              -79.5196542,
              8.9747101
            ],
            [
              -79.5198604,
              8.9747101
            ]
          ]
        ]
      },
      "id": "way/695635633"
    },
    {
      "type": "Feature",
      "properties": {
        "@id": "way/695635635",
        "leisure": "park"
      },
      "geometry": {
        "type": "Polygon",
        "coordinates": [
          [
            [
              -79.5275905,
              8.9733665
            ],
            [
              -79.5274148,
              8.9734936
            ],
            [
              -79.5268515,
              8.9738314
            ],
            [
              -79.5265029,
              8.9740341
            ],
            [
              -79.5261864,
              8.9742037
            ],
            [
              -79.5257411,
              8.9744461
            ],
            [
              -79.5257062,
              8.9744726
            ],
            [
              -79.5256794,
              8.9745349
            ],
            [
              -79.5256681,
              8.9745853
            ],
            [
              -79.5264371,
              8.9741666
            ],
            [
              -79.5265699,
              8.9740924
            ],
            [
              -79.5266343,
              8.9740884
            ],
            [
              -79.5266812,
              8.9741057
            ],
            [
              -79.526751,
              8.974148
            ],
            [
              -79.5267979,
              8.9741494
            ],
            [
              -79.5268663,
              8.9741242
            ],
            [
              -79.5269446,
              8.9740695
            ],
            [
              -79.5269875,
              8.9740471
            ],
            [
              -79.526982,
              8.9740307
            ],
            [
              -79.5270029,
              8.9740206
            ],
            [
              -79.5269805,
              8.9739831
            ],
            [
              -79.5269384,
              8.9740063
            ],
            [
              -79.5269442,
              8.974035
            ],
            [
              -79.5269,
              8.9740566
            ],
            [
              -79.5268986,
              8.9740709
            ],
            [
              -79.5269036,
              8.974089
            ],
            [
              -79.5268939,
              8.9740924
            ],
            [
              -79.5268776,
              8.9740543
            ],
            [
              -79.5268576,
              8.9740615
            ],
            [
              -79.5268735,
              8.9740995
            ],
            [
              -79.5268636,
              8.974103
            ],
            [
              -79.5268207,
              8.974005
            ],
            [
              -79.5268556,
              8.9739825
            ],
            [
              -79.5268717,
              8.9740083
            ],
            [
              -79.5269147,
              8.9739868
            ],
            [
              -79.5268932,
              8.9739282
            ],
            [
              -79.5273503,
              8.973681
            ],
            [
              -79.5276926,
              8.9735098
            ],
            [
              -79.5275905,
              8.9733665
            ]
          ]
        ]
      },
      "id": "way/695635635"
    },
    {
      "type": "Feature",
      "properties": {
        "@id": "way/695647248",
        "leisure": "park"
      },
      "geometry": {
        "type": "Polygon",
        "coordinates": [
          [
            [
              -79.5270497,
              8.974038
            ],
            [
              -79.5269773,
              8.9740698
            ],
            [
              -79.526976,
              8.974083
            ],
            [
              -79.5269865,
              8.9740897
            ],
            [
              -79.5271013,
              8.9740839
            ],
            [
              -79.527102,
              8.9740645
            ],
            [
              -79.5270873,
              8.9740486
            ],
            [
              -79.5270497,
              8.974038
            ]
          ]
        ]
      },
      "id": "way/695647248"
    },
    {
      "type": "Feature",
      "properties": {
        "@id": "way/695647257",
        "leisure": "park"
      },
      "geometry": {
        "type": "Polygon",
        "coordinates": [
          [
            [
              -79.5274329,
              8.9740281
            ],
            [
              -79.5274221,
              8.9740824
            ],
            [
              -79.5274047,
              8.9742096
            ],
            [
              -79.527394,
              8.9742546
            ],
            [
              -79.5272303,
              8.974248
            ],
            [
              -79.5272344,
              8.9741381
            ],
            [
              -79.5271941,
              8.9741341
            ],
            [
              -79.5271512,
              8.9741381
            ],
            [
              -79.5271271,
              8.9741513
            ],
            [
              -79.5270989,
              8.9743394
            ],
            [
              -79.5269045,
              8.9743672
            ],
            [
              -79.5269434,
              8.9741248
            ],
            [
              -79.5269246,
              8.9741182
            ],
            [
              -79.5268843,
              8.9741394
            ],
            [
              -79.5268428,
              8.9741606
            ],
            [
              -79.5267945,
              8.9741778
            ],
            [
              -79.5267516,
              8.9741738
            ],
            [
              -79.5267154,
              8.9741606
            ],
            [
              -79.5266738,
              8.9741288
            ],
            [
              -79.5266282,
              8.9741129
            ],
            [
              -79.5265826,
              8.9741142
            ],
            [
              -79.5265504,
              8.9741288
            ],
            [
              -79.5263613,
              8.9742295
            ],
            [
              -79.5260435,
              8.9744003
            ],
            [
              -79.5257994,
              8.9745328
            ],
            [
              -79.5256689,
              8.9746014
            ],
            [
              -79.5256781,
              8.9746318
            ],
            [
              -79.5256908,
              8.9746507
            ],
            [
              -79.5258423,
              8.9745699
            ],
            [
              -79.5258584,
              8.9745951
            ],
            [
              -79.5258946,
              8.9746017
            ],
            [
              -79.5260703,
              8.9749183
            ],
            [
              -79.5260891,
              8.9749925
            ],
            [
              -79.5261065,
              8.9749912
            ],
            [
              -79.5261414,
              8.9750481
            ],
            [
              -79.5261615,
              8.9750415
            ],
            [
              -79.5261601,
              8.9750031
            ],
            [
              -79.5261516,
              8.9749839
            ],
            [
              -79.5261109,
              8.9749437
            ],
            [
              -79.526102,
              8.9749053
            ],
            [
              -79.5261232,
              8.9748738
            ],
            [
              -79.5261073,
              8.9747917
            ],
            [
              -79.5260843,
              8.9747899
            ],
            [
              -79.5260489,
              8.9747707
            ],
            [
              -79.5260454,
              8.9747427
            ],
            [
              -79.5260684,
              8.974713
            ],
            [
              -79.5261604,
              8.9746588
            ],
            [
              -79.5262666,
              8.9746134
            ],
            [
              -79.5263037,
              8.9745976
            ],
            [
              -79.5264135,
              8.9745452
            ],
            [
              -79.5264807,
              8.9745067
            ],
            [
              -79.526571,
              8.9744805
            ],
            [
              -79.5265975,
              8.9744997
            ],
            [
              -79.526624,
              8.9745487
            ],
            [
              -79.5266205,
              8.9745854
            ],
            [
              -79.5266441,
              8.9746264
            ],
            [
              -79.5266808,
              8.9745973
            ],
            [
              -79.526663,
              8.9745732
            ],
            [
              -79.5265993,
              8.9744613
            ],
            [
              -79.5267373,
              8.9743756
            ],
            [
              -79.5268134,
              8.9745321
            ],
            [
              -79.5269313,
              8.9746308
            ],
            [
              -79.527107,
              8.9744957
            ],
            [
              -79.5272558,
              8.9744017
            ],
            [
              -79.5273551,
              8.9743566
            ],
            [
              -79.5273658,
              8.9743633
            ],
            [
              -79.5273966,
              8.974403
            ],
            [
              -79.5274101,
              8.9743977
            ],
            [
              -79.5273926,
              8.974354
            ],
            [
              -79.5273926,
              8.9743023
            ],
            [
              -79.5274141,
              8.974248
            ],
            [
              -79.5274557,
              8.974199
            ],
            [
              -79.5275321,
              8.9741791
            ],
            [
              -79.5275978,
              8.9741871
            ],
            [
              -79.5276528,
              8.9742374
            ],
            [
              -79.5277279,
              8.9743315
            ],
            [
              -79.527744,
              8.9741725
            ],
            [
              -79.5277386,
              8.974142
            ],
            [
              -79.5276582,
              8.974097
            ],
            [
              -79.5276206,
              8.9740414
            ],
            [
              -79.5274329,
              8.9740281
            ]
          ]
        ]
      },
      "id": "way/695647257"
    },
    {
      "type": "Feature",
      "properties": {
        "@id": "way/695653733",
        "leisure": "park"
      },
      "geometry": {
        "type": "Polygon",
        "coordinates": [
          [
            [
              -79.527494,
              8.9744744
            ],
            [
              -79.5275062,
              8.974498
            ],
            [
              -79.5272806,
              8.9746604
            ],
            [
              -79.5271958,
              8.9747241
            ],
            [
              -79.5271616,
              8.9747623
            ],
            [
              -79.5270852,
              8.974811
            ],
            [
              -79.5270509,
              8.9748329
            ],
            [
              -79.5269943,
              8.9748616
            ],
            [
              -79.5267344,
              8.9749935
            ],
            [
              -79.5266412,
              8.9750567
            ],
            [
              -79.526552,
              8.9751034
            ],
            [
              -79.5265347,
              8.9750825
            ],
            [
              -79.5264976,
              8.9751132
            ],
            [
              -79.5265255,
              8.975138
            ],
            [
              -79.5265561,
              8.9751394
            ],
            [
              -79.5266598,
              8.9750901
            ],
            [
              -79.526674,
              8.975109
            ],
            [
              -79.5266985,
              8.9751139
            ],
            [
              -79.5269132,
              8.9749993
            ],
            [
              -79.527121,
              8.9748766
            ],
            [
              -79.5272196,
              8.9748158
            ],
            [
              -79.5272582,
              8.9748087
            ],
            [
              -79.5274727,
              8.9746391
            ],
            [
              -79.5276211,
              8.9745266
            ],
            [
              -79.5276973,
              8.9744242
            ],
            [
              -79.5276434,
              8.9744624
            ],
            [
              -79.5276058,
              8.9744764
            ],
            [
              -79.5275408,
              8.9744875
            ],
            [
              -79.527494,
              8.9744744
            ]
          ]
        ]
      },
      "id": "way/695653733"
    },
    {
      "type": "Feature",
      "properties": {
        "@id": "way/695653738",
        "leisure": "park"
      },
      "geometry": {
        "type": "Polygon",
        "coordinates": [
          [
            [
              -79.525879,
              8.9746792
            ],
            [
              -79.5258048,
              8.9747153
            ],
            [
              -79.5257347,
              8.9747495
            ],
            [
              -79.5258922,
              8.9750577
            ],
            [
              -79.5260183,
              8.9749854
            ],
            [
              -79.5260335,
              8.9749643
            ],
            [
              -79.525879,
              8.9746792
            ]
          ]
        ]
      },
      "id": "way/695653738"
    },
    {
      "type": "Feature",
      "properties": {
        "@id": "way/695653739",
        "leisure": "park"
      },
      "geometry": {
        "type": "Polygon",
        "coordinates": [
          [
            [
              -79.5249303,
              8.9753487
            ],
            [
              -79.5247907,
              8.9754114
            ],
            [
              -79.5244132,
              8.9755808
            ],
            [
              -79.5244151,
              8.9756127
            ],
            [
              -79.5244486,
              8.9756723
            ],
            [
              -79.5246418,
              8.9756485
            ],
            [
              -79.5248671,
              8.9756034
            ],
            [
              -79.5250132,
              8.9755703
            ],
            [
              -79.5250454,
              8.9755677
            ],
            [
              -79.5250776,
              8.9755346
            ],
            [
              -79.5250813,
              8.9755105
            ],
            [
              -79.5250137,
              8.9755249
            ],
            [
              -79.5249303,
              8.9753487
            ]
          ]
        ]
      },
      "id": "way/695653739"
    },
    {
      "type": "Feature",
      "properties": {
        "@id": "way/695653740",
        "leisure": "park"
      },
      "geometry": {
        "type": "Polygon",
        "coordinates": [
          [
            [
              -79.5244057,
              8.9756775
            ],
            [
              -79.5243011,
              8.9754205
            ],
            [
              -79.5242702,
              8.9753967
            ],
            [
              -79.5242045,
              8.9754126
            ],
            [
              -79.5240167,
              8.975451
            ],
            [
              -79.5239752,
              8.9754616
            ],
            [
              -79.5239537,
              8.9755186
            ],
            [
              -79.5239256,
              8.9755663
            ],
            [
              -79.5238464,
              8.9756881
            ],
            [
              -79.5238665,
              8.9756934
            ],
            [
              -79.5239095,
              8.9756868
            ],
            [
              -79.5239242,
              8.9756974
            ],
            [
              -79.5241307,
              8.9756934
            ],
            [
              -79.5242555,
              8.975708
            ],
            [
              -79.5244057,
              8.9756775
            ]
          ]
        ]
      },
      "id": "way/695653740"
    },
    {
      "type": "Feature",
      "properties": {
        "@id": "way/695653741",
        "leisure": "park"
      },
      "geometry": {
        "type": "Polygon",
        "coordinates": [
          [
            [
              -79.5240275,
              8.9750139
            ],
            [
              -79.5235943,
              8.9750748
            ],
            [
              -79.523251,
              8.9750894
            ],
            [
              -79.5231289,
              8.9751092
            ],
            [
              -79.523019,
              8.9751834
            ],
            [
              -79.5229814,
              8.9752417
            ],
            [
              -79.52296,
              8.9753225
            ],
            [
              -79.523082,
              8.9753305
            ],
            [
              -79.5231906,
              8.9751371
            ],
            [
              -79.5233609,
              8.9751357
            ],
            [
              -79.5234736,
              8.9753397
            ],
            [
              -79.5239658,
              8.975353
            ],
            [
              -79.5239859,
              8.9753358
            ],
            [
              -79.5240275,
              8.9750139
            ]
          ]
        ]
      },
      "id": "way/695653741"
    },
    {
      "type": "Feature",
      "properties": {
        "@id": "way/695653742",
        "leisure": "park"
      },
      "geometry": {
        "type": "Polygon",
        "coordinates": [
          [
            [
              -79.5234401,
              8.9753384
            ],
            [
              -79.5233435,
              8.9751622
            ],
            [
              -79.523204,
              8.9751582
            ],
            [
              -79.5231128,
              8.9753305
            ],
            [
              -79.5234401,
              8.9753384
            ]
          ]
        ]
      },
      "id": "way/695653742"
    },
    {
      "type": "Feature",
      "properties": {
        "@id": "way/695653744",
        "leisure": "park"
      },
      "geometry": {
        "type": "Polygon",
        "coordinates": [
          [
            [
              -79.523837,
              8.9753715
            ],
            [
              -79.5231115,
              8.9753517
            ],
            [
              -79.5231692,
              8.9754881
            ],
            [
              -79.5233784,
              8.9754934
            ],
            [
              -79.5234924,
              8.9755861
            ],
            [
              -79.5234951,
              8.9756524
            ],
            [
              -79.5237874,
              8.9756828
            ],
            [
              -79.5238947,
              8.9754954
            ],
            [
              -79.5238974,
              8.9754404
            ],
            [
              -79.5238632,
              8.9754113
            ],
            [
              -79.523837,
              8.9753715
            ]
          ]
        ]
      },
      "id": "way/695653744"
    },
    {
      "type": "Feature",
      "properties": {
        "@id": "way/695657280",
        "leisure": "park"
      },
      "geometry": {
        "type": "Polygon",
        "coordinates": [
          [
            [
              -79.5234682,
              8.9756497
            ],
            [
              -79.5234629,
              8.9755927
            ],
            [
              -79.5233636,
              8.9755133
            ],
            [
              -79.5231504,
              8.9755093
            ],
            [
              -79.5230807,
              8.9753517
            ],
            [
              -79.5229519,
              8.975349
            ],
            [
              -79.5229452,
              8.9754086
            ],
            [
              -79.5229573,
              8.975455
            ],
            [
              -79.5230069,
              8.9755278
            ],
            [
              -79.5230565,
              8.9755715
            ],
            [
              -79.5230927,
              8.9755954
            ],
            [
              -79.5234682,
              8.9756497
            ]
          ]
        ]
      },
      "id": "way/695657280"
    },
    {
      "type": "Feature",
      "properties": {
        "@id": "way/695657281",
        "leisure": "park"
      },
      "geometry": {
        "type": "Polygon",
        "coordinates": [
          [
            [
              -79.5230927,
              8.9750629
            ],
            [
              -79.5226622,
              8.9750456
            ],
            [
              -79.5227628,
              8.9750894
            ],
            [
              -79.5228406,
              8.9751768
            ],
            [
              -79.5228627,
              8.9752695
            ],
            [
              -79.5228634,
              8.9753861
            ],
            [
              -79.5228497,
              8.9754772
            ],
            [
              -79.5228133,
              8.9755492
            ],
            [
              -79.5227271,
              8.9755997
            ],
            [
              -79.5225899,
              8.9756634
            ],
            [
              -79.522844,
              8.9756716
            ],
            [
              -79.5231278,
              8.9756894
            ],
            [
              -79.5230163,
              8.9756241
            ],
            [
              -79.5229638,
              8.975584
            ],
            [
              -79.5228799,
              8.9755003
            ],
            [
              -79.5228795,
              8.9753212
            ],
            [
              -79.5228956,
              8.9751794
            ],
            [
              -79.5229747,
              8.9751371
            ],
            [
              -79.5230351,
              8.9750907
            ],
            [
              -79.5230927,
              8.9750629
            ]
          ]
        ]
      },
      "id": "way/695657281"
    },
    {
      "type": "Feature",
      "properties": {
        "@id": "way/695657282",
        "leisure": "park"
      },
      "geometry": {
        "type": "Polygon",
        "coordinates": [
          [
            [
              -79.5251711,
              8.9754908
            ],
            [
              -79.5251741,
              8.9755239
            ],
            [
              -79.5252224,
              8.9755212
            ],
            [
              -79.5256341,
              8.9754325
            ],
            [
              -79.5256341,
              8.9754152
            ],
            [
              -79.5256301,
              8.9754033
            ],
            [
              -79.5256146,
              8.9753885
            ],
            [
              -79.5251711,
              8.9754908
            ]
          ]
        ]
      },
      "id": "way/695657282"
    },
    {
      "type": "Feature",
      "properties": {
        "@id": "way/696156583",
        "leisure": "park"
      },
      "geometry": {
        "type": "Polygon",
        "coordinates": [
          [
            [
              -79.5174863,
              8.9735267
            ],
            [
              -79.5175219,
              8.9735328
            ],
            [
              -79.5175839,
              8.9735639
            ],
            [
              -79.5176438,
              8.9736101
            ],
            [
              -79.5177028,
              8.9736813
            ],
            [
              -79.5177424,
              8.9737727
            ],
            [
              -79.5177526,
              8.973844
            ],
            [
              -79.5178085,
              8.97386
            ],
            [
              -79.517843,
              8.9738942
            ],
            [
              -79.517967,
              8.9738319
            ],
            [
              -79.5178989,
              8.9737285
            ],
            [
              -79.5178369,
              8.9736542
            ],
            [
              -79.5177394,
              8.9735709
            ],
            [
              -79.5176672,
              8.9735177
            ],
            [
              -79.5176052,
              8.9735057
            ],
            [
              -79.5174802,
              8.9734996
            ],
            [
              -79.5173562,
              8.9735107
            ],
            [
              -79.5173216,
              8.9735187
            ],
            [
              -79.5173786,
              8.9735569
            ],
            [
              -79.5174599,
              8.973591
            ],
            [
              -79.5174863,
              8.9735267
            ]
          ]
        ]
      },
      "id": "way/696156583"
    },
    {
      "type": "Feature",
      "properties": {
        "@id": "way/696156584",
        "leisure": "park"
      },
      "geometry": {
        "type": "Polygon",
        "coordinates": [
          [
            [
              -79.5179813,
              8.97386
            ],
            [
              -79.5178481,
              8.9739193
            ],
            [
              -79.5178471,
              8.9739875
            ],
            [
              -79.5178177,
              8.9740317
            ],
            [
              -79.5178498,
              8.9740935
            ],
            [
              -79.5179156,
              8.9742046
            ],
            [
              -79.5180058,
              8.9742967
            ],
            [
              -79.5179142,
              8.9743108
            ],
            [
              -79.5178085,
              8.9743379
            ],
            [
              -79.5178339,
              8.9744202
            ],
            [
              -79.5180453,
              8.9744353
            ],
            [
              -79.5180656,
              8.9743951
            ],
            [
              -79.518086,
              8.9743158
            ],
            [
              -79.5180941,
              8.9742576
            ],
            [
              -79.5180849,
              8.9741793
            ],
            [
              -79.5180748,
              8.974097
            ],
            [
              -79.5180616,
              8.9740498
            ],
            [
              -79.5180534,
              8.9740106
            ],
            [
              -79.5180199,
              8.9739333
            ],
            [
              -79.5179813,
              8.97386
            ]
          ]
        ]
      },
      "id": "way/696156584"
    },
    {
      "type": "Feature",
      "properties": {
        "@id": "way/913957929",
        "amenity": "clinic",
        "building": "yes",
        "building:levels": "2",
        "healthcare": "clinic",
        "healthcare:speciality": "vascular_surgery",
        "name": "Clinica de Venas y Enfermedades Vasculares"
      },
      "geometry": {
        "type": "Polygon",
        "coordinates": [
          [
            [
              -79.5204979,
              8.9928842
            ],
            [
              -79.5207402,
              8.9930195
            ],
            [
              -79.5208047,
              8.992907
            ],
            [
              -79.5205623,
              8.9927716
            ],
            [
              -79.5204979,
              8.9928842
            ]
          ]
        ]
      },
      "id": "way/913957929"
    },
    {
      "type": "Feature",
      "properties": {
        "@id": "way/1284534388",
        "amenity": "school",
        "name": "Escuela Japonesa de Panamá"
      },
      "geometry": {
        "type": "Polygon",
        "coordinates": [
          [
            [
              -79.5207672,
              8.9775118
            ],
            [
              -79.5202938,
              8.977427
            ],
            [
              -79.5202894,
              8.9775162
            ],
            [
              -79.5202779,
              8.9776315
            ],
            [
              -79.5202266,
              8.9778972
            ],
            [
              -79.5201222,
              8.9781961
            ],
            [
              -79.5204281,
              8.9783844
            ],
            [
              -79.5205786,
              8.9779971
            ],
            [
              -79.5207672,
              8.9775118
            ]
          ]
        ]
      },
      "id": "way/1284534388"
    },
    {
      "type": "Feature",
      "properties": {
        "@id": "way/1287207332",
        "amenity": "hospital",
        "emergency": "yes",
        "healthcare": "hospital",
        "name": "Hospital Paitilla"
      },
      "geometry": {
        "type": "Polygon",
        "coordinates": [
          [
            [
              -79.5171319,
              8.9791286
            ],
            [
              -79.5176014,
              8.9790111
            ],
            [
              -79.5182245,
              8.9789298
            ],
            [
              -79.5183098,
              8.9790493
            ],
            [
              -79.5186118,
              8.9787379
            ],
            [
              -79.5184002,
              8.9783743
            ],
            [
              -79.518238,
              8.9782151
            ],
            [
              -79.5181786,
              8.9781523
            ],
            [
              -79.5180634,
              8.9781108
            ],
            [
              -79.5179344,
              8.9780697
            ],
            [
              -79.5177027,
              8.9780618
            ],
            [
              -79.5170536,
              8.9780821
            ],
            [
              -79.5169893,
              8.9780985
            ],
            [
              -79.5169356,
              8.9781394
            ],
            [
              -79.5169111,
              8.9781804
            ],
            [
              -79.5168955,
              8.9782302
            ],
            [
              -79.5169032,
              8.9782783
            ],
            [
              -79.5171319,
              8.9791286
            ]
          ]
        ]
      },
      "id": "way/1287207332"
    },
    {
      "type": "Feature",
      "properties": {
        "@id": "way/1346977311",
        "amenity": "school",
        "name": "Colegio Episcopal de Panamá",
        "short_name": "CEP"
      },
      "geometry": {
        "type": "Polygon",
        "coordinates": [
          [
            [
              -79.5221074,
              8.995435
            ],
            [
              -79.5225307,
              8.9957325
            ],
            [
              -79.5229476,
              8.9960257
            ],
            [
              -79.5230776,
              8.995895
            ],
            [
              -79.5233178,
              8.9956533
            ],
            [
              -79.5233414,
              8.9956295
            ],
            [
              -79.5224251,
              8.9950044
            ],
            [
              -79.5223921,
              8.9950491
            ],
            [
              -79.5221247,
              8.9954116
            ],
            [
              -79.5221074,
              8.995435
            ]
          ]
        ]
      },
      "id": "way/1346977311"
    },
    {
      "type": "Feature",
      "properties": {
        "@id": "way/1347437401",
        "amenity": "school",
        "name": "DS International School"
      },
      "geometry": {
        "type": "Polygon",
        "coordinates": [
          [
            [
              -79.5230013,
              8.9925774
            ],
            [
              -79.5232913,
              8.9923138
            ],
            [
              -79.5232244,
              8.9922219
            ],
            [
              -79.5230744,
              8.9920159
            ],
            [
              -79.5230494,
              8.992058
            ],
            [
              -79.5228571,
              8.9923814
            ],
            [
              -79.5228347,
              8.9924192
            ],
            [
              -79.5230013,
              8.9925774
            ]
          ]
        ]
      },
      "id": "way/1347437401"
    },
    {
      "type": "Feature",
      "properties": {
        "@id": "way/1347907589",
        "amenity": "school",
        "name": "Mitzva Tots",
        "religion": "jewish"
      },
      "geometry": {
        "type": "Polygon",
        "coordinates": [
          [
            [
              -79.5267337,
              8.9918257
            ],
            [
              -79.5268543,
              8.9916232
            ],
            [
              -79.526947,
              8.9914676
            ],
            [
              -79.5266554,
              8.9913402
            ],
            [
              -79.5264917,
              8.9917114
            ],
            [
              -79.5267337,
              8.9918257
            ]
          ]
        ]
      },
      "id": "way/1347907589"
    },
    {
      "type": "Feature",
      "properties": {
        "@id": "way/1348066183",
        "amenity": "school",
        "name": "Tu Guia"
      },
      "geometry": {
        "type": "Polygon",
        "coordinates": [
          [
            [
              -79.52566,
              8.9917815
            ],
            [
              -79.5257045,
              8.9918012
            ],
            [
              -79.5258238,
              8.9918538
            ],
            [
              -79.5258825,
              8.9918797
            ],
            [
              -79.5258909,
              8.9918629
            ],
            [
              -79.526104,
              8.9919507
            ],
            [
              -79.5262614,
              8.9916118
            ],
            [
              -79.5261598,
              8.9915671
            ],
            [
              -79.525992,
              8.9914933
            ],
            [
              -79.5258277,
              8.9914211
            ],
            [
              -79.52566,
              8.9917815
            ]
          ]
        ]
      },
      "id": "way/1348066183"
    },
    {
      "type": "Feature",
      "properties": {
        "@id": "way/1348258648",
        "amenity": "school",
        "name": "Instituto de Ciencias Aplicadas"
      },
      "geometry": {
        "type": "Polygon",
        "coordinates": [
          [
            [
              -79.5237783,
              8.9896423
            ],
            [
              -79.5237596,
              8.9895162
            ],
            [
              -79.5237427,
              8.989415
            ],
            [
              -79.5236187,
              8.9893591
            ],
            [
              -79.5235637,
              8.9893423
            ],
            [
              -79.523527,
              8.9894084
            ],
            [
              -79.5234661,
              8.9895182
            ],
            [
              -79.5235056,
              8.9895428
            ],
            [
              -79.5236793,
              8.9896469
            ],
            [
              -79.5237527,
              8.989689
            ],
            [
              -79.5237783,
              8.9896423
            ]
          ]
        ]
      },
      "id": "way/1348258648"
    },
    {
      "type": "Feature",
      "properties": {
        "@id": "way/1348714269",
        "leisure": "park"
      },
      "geometry": {
        "type": "Polygon",
        "coordinates": [
          [
            [
              -79.5325696,
              8.9931349
            ],
            [
              -79.5325008,
              8.992909
            ],
            [
              -79.5324234,
              8.9927836
            ],
            [
              -79.5324109,
              8.9927437
            ],
            [
              -79.5323588,
              8.9927622
            ],
            [
              -79.5322907,
              8.9927936
            ],
            [
              -79.5322176,
              8.99284
            ],
            [
              -79.5322031,
              8.9928485
            ],
            [
              -79.5322911,
              8.9929643
            ],
            [
              -79.5324004,
              8.9930548
            ],
            [
              -79.5325696,
              8.9931349
            ]
          ]
        ]
      },
      "id": "way/1348714269"
    },
    {
      "type": "Feature",
      "properties": {
        "@id": "node/858186951",
        "amenity": "school",
        "name": "Canada International School"
      },
      "geometry": {
        "type": "Point",
        "coordinates": [
          -79.5286139,
          8.9893672
        ]
      },
      "id": "node/858186951"
    },
    {
      "type": "Feature",
      "properties": {
        "@id": "node/858186956",
        "amenity": "pharmacy",
        "healthcare": "pharmacy",
        "name": "Metro"
      },
      "geometry": {
        "type": "Point",
        "coordinates": [
          -79.5281525,
          8.9890864
        ]
      },
      "id": "node/858186956"
    },
    {
      "type": "Feature",
      "properties": {
        "@id": "node/865448873",
        "addr:street": "Avenida Balboa",
        "amenity": "pharmacy",
        "name": "Farmacia Arrocha",
        "phone": "+507-360-4155 / 360-4156",
        "website": "https://arrocha.com/"
      },
      "geometry": {
        "type": "Point",
        "coordinates": [
          -79.5159054,
          8.9760941
        ]
      },
      "id": "node/865448873"
    },
    {
      "type": "Feature",
      "properties": {
        "@id": "node/869867063",
        "name": "Supermercado Riba Smith",
        "opening_hours": "Mo-Sa 07:00-22:00; Su,PH 08:00-21:00",
        "shop": "supermarket"
      },
      "geometry": {
        "type": "Point",
        "coordinates": [
          -79.5101346,
          8.9857939
        ]
      },
      "id": "node/869867063"
    },
    {
      "type": "Feature",
      "properties": {
        "@id": "node/874794271",
        "amenity": "pharmacy",
        "name": "Arrocha",
        "shop": "chemist"
      },
      "geometry": {
        "type": "Point",
        "coordinates": [
          -79.5287028,
          8.9882409
        ]
      },
      "id": "node/874794271"
    },
    {
      "type": "Feature",
      "properties": {
        "@id": "node/875212303",
        "name": "Unico",
        "shop": "supermarket"
      },
      "geometry": {
        "type": "Point",
        "coordinates": [
          -79.5211675,
          8.9918378
        ]
      },
      "id": "node/875212303"
    },
    {
      "type": "Feature",
      "properties": {
        "@id": "node/1599487073",
        "amenity": "pharmacy"
      },
      "geometry": {
        "type": "Point",
        "coordinates": [
          -79.5178014,
          8.9778161
        ]
      },
      "id": "node/1599487073"
    },
    {
      "type": "Feature",
      "properties": {
        "@id": "node/1866687327",
        "addr:city": "Ciudad de Panamá",
        "addr:street": "Avenida 5A B Sur",
        "amenity": "pharmacy",
        "name": "Metro",
        "source": "KG Ground Survey 2015"
      },
      "geometry": {
        "type": "Point",
        "coordinates": [
          -79.5205326,
          8.9787241
        ]
      },
      "id": "node/1866687327"
    },
    {
      "type": "Feature",
      "properties": {
        "@id": "node/3739795949",
        "amenity": "pharmacy",
        "healthcare": "pharmacy",
        "name": "Metro farmacia"
      },
      "geometry": {
        "type": "Point",
        "coordinates": [
          -79.5252136,
          8.9845661
        ]
      },
      "id": "node/3739795949"
    },
    {
      "type": "Feature",
      "properties": {
        "@id": "node/3743640725",
        "amenity": "pharmacy",
        "healthcare": "pharmacy",
        "name": "Farmacias Arrocha"
      },
      "geometry": {
        "type": "Point",
        "coordinates": [
          -79.5208535,
          8.9911079
        ]
      },
      "id": "node/3743640725"
    },
    {
      "type": "Feature",
      "properties": {
        "@id": "node/3857513334",
        "addr:city": "Ciudad de Panamá",
        "addr:street": "Avenida Central España",
        "amenity": "clinic",
        "healthcare": "clinic",
        "name": "Feet & Shoes",
        "source": "KG Ground Survey 2015"
      },
      "geometry": {
        "type": "Point",
        "coordinates": [
          -79.5207239,
          8.9926072
        ]
      },
      "id": "node/3857513334"
    },
    {
      "type": "Feature",
      "properties": {
        "@id": "node/3870030186",
        "name": "Balboa Market",
        "shop": "supermarket",
        "source": "KG Ground Survey 2015"
      },
      "geometry": {
        "type": "Point",
        "coordinates": [
          -79.5208324,
          8.9765285
        ]
      },
      "id": "node/3870030186"
    },
    {
      "type": "Feature",
      "properties": {
        "@id": "node/3871261529",
        "addr:city": "Ciudad de Panamá",
        "addr:street": "Avenida Federico Boyd",
        "name": "Mini Super Fresco Market",
        "shop": "supermarket",
        "source": "KG Ground Survey 2015"
      },
      "geometry": {
        "type": "Point",
        "coordinates": [
          -79.5276289,
          8.9810647
        ]
      },
      "id": "node/3871261529"
    },
    {
      "type": "Feature",
      "properties": {
        "@id": "node/3871398537",
        "addr:city": "Ciudad de Panamá",
        "addr:street": "Avenida Eusebio A Morales",
        "amenity": "pharmacy",
        "healthcare": "pharmacy",
        "name": "Javillo",
        "source": "KG Ground Survey 2015"
      },
      "geometry": {
        "type": "Point",
        "coordinates": [
          -79.5283416,
          8.9848581
        ]
      },
      "id": "node/3871398537"
    },
    {
      "type": "Feature",
      "properties": {
        "@id": "node/3871612103",
        "addr:city": "Ciudad de Panamá",
        "addr:street": "Calle José Isaac Fábrega",
        "amenity": "clinic",
        "healthcare": "clinic",
        "name": "Clínica Madre María",
        "phone": "+507 203 0340;+507 203 0341",
        "source": "KG Ground Survey 2015"
      },
      "geometry": {
        "type": "Point",
        "coordinates": [
          -79.5246715,
          8.9872936
        ]
      },
      "id": "node/3871612103"
    },
    {
      "type": "Feature",
      "properties": {
        "@id": "node/3871897065",
        "addr:city": "Ciudad de Panamá",
        "addr:street": "Vía Argentina",
        "amenity": "language_school",
        "name": "Learn Spanish",
        "phone": "507 213 3121",
        "source": "KG Ground Survey 2015",
        "website": "https://www.spanishpanama.com/"
      },
      "geometry": {
        "type": "Point",
        "coordinates": [
          -79.5277252,
          8.988809
        ]
      },
      "id": "node/3871897065"
    },
    {
      "type": "Feature",
      "properties": {
        "@id": "node/3896886143",
        "addr:street": "Vía España",
        "amenity": "pharmacy",
        "healthcare": "pharmacy",
        "name": "Super Farmacia América",
        "opening_hours": "24/7",
        "source": "KG Ground Survey 2015"
      },
      "geometry": {
        "type": "Point",
        "coordinates": [
          -79.5166048,
          9.0009262
        ]
      },
      "id": "node/3896886143"
    },
    {
      "type": "Feature",
      "properties": {
        "@id": "node/3897340803",
        "addr:street": "Calle 74 Este",
        "amenity": "pharmacy",
        "name": "Metro",
        "source": "KG Ground Survey 2015"
      },
      "geometry": {
        "type": "Point",
        "coordinates": [
          -79.5047646,
          8.9897727
        ]
      },
      "id": "node/3897340803"
    },
    {
      "type": "Feature",
      "properties": {
        "@id": "node/3898871186",
        "amenity": "pharmacy",
        "dispensing": "yes",
        "healthcare": "pharmacy",
        "name": "Farma Shop",
        "source": "KG Ground Survey 2015"
      },
      "geometry": {
        "type": "Point",
        "coordinates": [
          -79.5070676,
          8.9875999
        ]
      },
      "id": "node/3898871186"
    },
    {
      "type": "Feature",
      "properties": {
        "@id": "node/3907167524",
        "addr:street": "Vía España",
        "amenity": "clinic",
        "healthcare": "clinic",
        "name": "Centro Medico Atlantico",
        "source": "KG Ground Survey 2015"
      },
      "geometry": {
        "type": "Point",
        "coordinates": [
          -79.5192169,
          8.9941572
        ]
      },
      "id": "node/3907167524"
    },
    {
      "type": "Feature",
      "properties": {
        "@id": "node/4731155533",
        "name:en": "Mini Super Mar Bella",
        "shop": "supermarket"
      },
      "geometry": {
        "type": "Point",
        "coordinates": [
          -79.5190017,
          8.9789004
        ]
      },
      "id": "node/4731155533"
    },
    {
      "type": "Feature",
      "properties": {
        "@id": "node/4758460728",
        "amenity": "clinic",
        "healthcare": "clinic",
        "name:es": "TX Capilar"
      },
      "geometry": {
        "type": "Point",
        "coordinates": [
          -79.5207787,
          8.9800828
        ]
      },
      "id": "node/4758460728"
    },
    {
      "type": "Feature",
      "properties": {
        "@id": "node/4829408022",
        "amenity": "school",
        "name": "Centro de Artes Escénicas Panamá",
        "name:es": "Centro de Artes Escénicas Panamá"
      },
      "geometry": {
        "type": "Point",
        "coordinates": [
          -79.5283923,
          8.9892487
        ]
      },
      "id": "node/4829408022"
    },
    {
      "type": "Feature",
      "properties": {
        "@id": "node/5787735978",
        "addr:city": "PANAMA",
        "addr:street": "Calle 44",
        "name": "Mini Market Jimy Daniel",
        "shop": "supermarket"
      },
      "geometry": {
        "type": "Point",
        "coordinates": [
          -79.5338186,
          8.9766315
        ]
      },
      "id": "node/5787735978"
    },
    {
      "type": "Feature",
      "properties": {
        "@id": "node/5787875856",
        "addr:city": "Ciudad de Panamá",
        "addr:street": "Calle 45",
        "name": "Mini Market Fruteria 27",
        "shop": "supermarket"
      },
      "geometry": {
        "type": "Point",
        "coordinates": [
          -79.531381,
          8.9772522
        ]
      },
      "id": "node/5787875856"
    },
    {
      "type": "Feature",
      "properties": {
        "@id": "node/6188182786",
        "amenity": "pharmacy",
        "healthcare": "pharmacy",
        "name": "Farmacias Revilla"
      },
      "geometry": {
        "type": "Point",
        "coordinates": [
          -79.5239141,
          8.9823217
        ]
      },
      "id": "node/6188182786"
    },
    {
      "type": "Feature",
      "properties": {
        "@id": "node/6693790585",
        "addr:street": "Calle 57 Este",
        "amenity": "clinic",
        "name": "IVI Panamá",
        "name:en": "IVI Panama",
        "opening_hours": "Mo-Fr 08:00-20:00; Sa 08:00-14:00; Su 08:00-13:00",
        "phone": "+5072125484",
        "website": "https://ivi.com.pa/clinicas/panama/"
      },
      "geometry": {
        "type": "Point",
        "coordinates": [
          -79.5178744,
          8.9839382
        ]
      },
      "id": "node/6693790585"
    },
    {
      "type": "Feature",
      "properties": {
        "@id": "node/7132206700",
        "name": "Foodie Market",
        "opening_hours": "Mo-Sa 08:00-10:00; Su 09:00-21:00",
        "shop": "supermarket",
        "website": "https://www.foodiemarketpanama.com"
      },
      "geometry": {
        "type": "Point",
        "coordinates": [
          -79.5235387,
          8.976743
        ]
      },
      "id": "node/7132206700"
    },
    {
      "type": "Feature",
      "properties": {
        "@id": "node/7132286513",
        "amenity": "pharmacy",
        "dispensing": "yes",
        "healthcare": "pharmacy",
        "name": "Farmacia El Bosque"
      },
      "geometry": {
        "type": "Point",
        "coordinates": [
          -79.5250182,
          8.9763451
        ]
      },
      "id": "node/7132286513"
    },
    {
      "type": "Feature",
      "properties": {
        "@id": "node/8538666604",
        "name": "Foodie",
        "shop": "supermarket"
      },
      "geometry": {
        "type": "Point",
        "coordinates": [
          -79.5143447,
          8.9773579
        ]
      },
      "id": "node/8538666604"
    },
    {
      "type": "Feature",
      "properties": {
        "@id": "node/9270194116",
        "addr:city": "Ciudad de Panamá",
        "addr:street": "Avenida Abel Bravo",
        "name": "Sobeys",
        "opening_hours:covid19": "Mo-Su 08:00-20:00",
        "payment:cash": "yes",
        "payment:contactless": "yes",
        "payment:credit_cards": "yes",
        "payment:debit_cards": "yes",
        "payment:visa": "yes",
        "shop": "supermarket",
        "website": "https://www.supersobeys.com/"
      },
      "geometry": {
        "type": "Point",
        "coordinates": [
          -79.5221008,
          8.9869916
        ]
      },
      "id": "node/9270194116"
    },
    {
      "type": "Feature",
      "properties": {
        "@id": "node/9349680617",
        "contact:email": "cliente@superxtra.com",
        "contact:facebook": "https://www.facebook.com/SuperXtraPanama",
        "contact:instagram": "https://instagram.com/superxtrapanama",
        "contact:linkedin": "https://www.linkedin.com/company/superxtrapanama",
        "contact:phone": "+507 2909000",
        "contact:twitter": "https://twitter.com/SuperXtraPanama",
        "contact:website": "https://www.superxtra.com",
        "contact:youtube": "https://www.youtube.com/user/SuperXtraPanama",
        "name": "Xtra",
        "opening_hours": "Fr-Sa 00:00-24:00; Mo-Th,Su 06:00-24:00",
        "shop": "supermarket"
      },
      "geometry": {
        "type": "Point",
        "coordinates": [
          -79.5024828,
          8.9875386
        ]
      },
      "id": "node/9349680617"
    },
    {
      "type": "Feature",
      "properties": {
        "@id": "node/9392385917",
        "amenity": "clinic",
        "healthcare": "clinic",
        "name": "Laboratorio Clínico Laser",
        "name:en": "Laser Clinical Laboratory"
      },
      "geometry": {
        "type": "Point",
        "coordinates": [
          -79.5207588,
          8.9835918
        ]
      },
      "id": "node/9392385917"
    },
    {
      "type": "Feature",
      "properties": {
        "@id": "node/10274643632",
        "addr:street": "Calle 50",
        "amenity": "pharmacy",
        "healthcare": "pharmacy",
        "name": "FarmaValue"
      },
      "geometry": {
        "type": "Point",
        "coordinates": [
          -79.5089507,
          8.9919065
        ]
      },
      "id": "node/10274643632"
    },
    {
      "type": "Feature",
      "properties": {
        "@id": "node/11234990373",
        "amenity": "pharmacy",
        "healthcare": "pharmacy",
        "name": "Arrocha"
      },
      "geometry": {
        "type": "Point",
        "coordinates": [
          -79.5216715,
          8.9773854
        ]
      },
      "id": "node/11234990373"
    },
    {
      "type": "Feature",
      "properties": {
        "@id": "node/11489379430",
        "addr:housename": "Plaza Time Square",
        "addr:street": "Calle 57 Este",
        "amenity": "pharmacy",
        "check_date": "2023-12-15",
        "description": "Pharmacy and store",
        "dispensing": "yes",
        "healthcare": "pharmacy",
        "name": "Farmacias Arrocha Plaza 58",
        "opening_hours": "07:00-22:00",
        "payment:cash": "yes",
        "payment:credit_cards": "yes",
        "payment:debit_cards": "yes",
        "phone": "+507 249-6484",
        "website": "https://arrocha.com"
      },
      "geometry": {
        "type": "Point",
        "coordinates": [
          -79.5178535,
          8.9859064
        ]
      },
      "id": "node/11489379430"
    },
    {
      "type": "Feature",
      "properties": {
        "@id": "node/11924510504",
        "amenity": "clinic",
        "healthcare": "clinic",
        "name": "Clinica Sagrado Corazon de Jesus"
      },
      "geometry": {
        "type": "Point",
        "coordinates": [
          -79.5338765,
          8.9765162
        ]
      },
      "id": "node/11924510504"
    },
    {
      "type": "Feature",
      "properties": {
        "@id": "node/11964881985",
        "name": "Foods Market",
        "shop": "supermarket"
      },
      "geometry": {
        "type": "Point",
        "coordinates": [
          -79.5025503,
          8.9874839
        ]
      },
      "id": "node/11964881985"
    },
    {
      "type": "Feature",
      "properties": {
        "@id": "node/11969056405",
        "name": "Xtra",
        "opening_hours": "Mo-Tu 06:00-21:00; We-Th 07:00-21:00",
        "phone": "+507 2909000",
        "shop": "supermarket",
        "website": "https://www.superxtra.com"
      },
      "geometry": {
        "type": "Point",
        "coordinates": [
          -79.5228383,
          8.9879417
        ]
      },
      "id": "node/11969056405"
    },
    {
      "type": "Feature",
      "properties": {
        "@id": "node/12461675920",
        "addr:city": "Ciudad de Panamá",
        "addr:street": "Avenida Central España",
        "amenity": "clinic",
        "healthcare": "clinic",
        "name": "Clínica de Piel",
        "source": "KG Ground Survey 2015"
      },
      "geometry": {
        "type": "Point",
        "coordinates": [
          -79.5204186,
          8.9931802
        ]
      },
      "id": "node/12461675920"
    },
    {
      "type": "Feature",
      "properties": {
        "@id": "node/12463397377",
        "addr:street": "Vía Transístmica",
        "amenity": "pharmacy",
        "dispensing": "no",
        "drive_through": "no",
        "healthcare": "pharmacy",
        "name": "Arrocha",
        "source": "KG Ground Survey 2015"
      },
      "geometry": {
        "type": "Point",
        "coordinates": [
          -79.5260566,
          8.9976088
        ]
      },
      "id": "node/12463397377"
    },
    {
      "type": "Feature",
      "properties": {
        "@id": "node/12470459502",
        "addr:city": "Ciudad de Panamá",
        "addr:street": "Vía Argentina",
        "amenity": "clinic",
        "healthcare": "clinic",
        "name": "Clínica de Ortodoncia",
        "source": "KG Ground Survey 2015"
      },
      "geometry": {
        "type": "Point",
        "coordinates": [
          -79.5249465,
          8.9884992
        ]
      },
      "id": "node/12470459502"
    },
    {
      "type": "Feature",
      "properties": {
        "@id": "node/12472082668",
        "addr:city": "Ciudad de Panamá",
        "addr:street": "Vía Argentina",
        "amenity": "pharmacy",
        "healthcare": "pharmacy",
        "name": "Metro Plus",
        "source": "KG Ground Survey 2015"
      },
      "geometry": {
        "type": "Point",
        "coordinates": [
          -79.5233319,
          8.9880985
        ]
      },
      "id": "node/12472082668"
    },
    {
      "type": "Feature",
      "properties": {
        "@id": "node/12472883973",
        "amenity": "school",
        "name": "The Lincoln Academy"
      },
      "geometry": {
        "type": "Point",
        "coordinates": [
          -79.5310397,
          8.9895987
        ]
      },
      "id": "node/12472883973"
    },
    {
      "type": "Feature",
      "properties": {
        "@id": "node/12476268711",
        "addr:city": "Ciudad de Panamá",
        "addr:street": "Vía Argentina",
        "amenity": "clinic",
        "healthcare": "clinic",
        "name": "Clínica Einstein",
        "source": "KG Ground Survey 2015"
      },
      "geometry": {
        "type": "Point",
        "coordinates": [
          -79.5288858,
          8.988242
        ]
      },
      "id": "node/12476268711"
    },
    {
      "type": "Feature",
      "properties": {
        "@id": "node/12514825433",
        "addr:city": "Ciudad de Panamá",
        "addr:street": "Avenida Manuel Espinosa Batista",
        "amenity": "clinic",
        "healthcare": "clinic",
        "name": "Clínica Metropolis",
        "source": "KG Ground Survey 2015"
      },
      "geometry": {
        "type": "Point",
        "coordinates": [
          -79.5291823,
          8.982454
        ]
      },
      "id": "node/12514825433"
    },
    {
      "type": "Feature",
      "properties": {
        "@id": "node/12710611401",
        "amenity": "pharmacy",
        "name": "FarmaAhorro"
      },
      "geometry": {
        "type": "Point",
        "coordinates": [
          -79.5291419,
          8.9858976
        ]
      },
      "id": "node/12710611401"
    },
    {
      "type": "Feature",
      "properties": {
        "@id": "node/13020780401",
        "addr:city": "Panamá",
        "addr:street": "Los Crisantemos",
        "amenity": "school",
        "name": "Wisdom Academy - Pre-School and Elementary",
        "phone": "+507 6466-5999",
        "website": "https://www.wisdomacademypty.com/"
      },
      "geometry": {
        "type": "Point",
        "coordinates": [
          -79.5102724,
          8.9898822
        ]
      },
      "id": "node/13020780401"
    },
    {
      "type": "Feature",
      "properties": {
        "@id": "node/13154443819",
        "addr:city": "Ciudad de Panamá",
        "addr:street": "Calle 43 Este",
        "air_conditioning": "yes",
        "branch": "Bella Vista, Panamá",
        "name": "Rey",
        "opening_hours": "Mo-Su 06:00-22:00",
        "operator": "Inmobiliaria Don Antonio, S.A.",
        "shop": "supermarket",
        "website": "https://www.smrey.com/"
      },
      "geometry": {
        "type": "Point",
        "coordinates": [
          -79.5308297,
          8.9746425
        ]
      },
      "id": "node/13154443819"
    },
    {
      "type": "Feature",
      "properties": {
        "@id": "node/13293697203",
        "amenity": "pharmacy",
        "healthcare": "pharmacy",
        "name": "Arrocha"
      },
      "geometry": {
        "type": "Point",
        "coordinates": [
          -79.5305826,
          8.9743893
        ]
      },
      "id": "node/13293697203"
    },
    {
      "type": "Feature",
      "properties": {
        "@id": "node/13461262988",
        "addr:city": "Panama",
        "addr:street": "Avenida Central España",
        "amenity": "dancing_school",
        "education": "dancing_school",
        "email": "[contacto removido]",
        "instagram": "https://www.instagram.com/estudio507/",
        "name": "Estudio507",
        "opening_hours": "24/7",
        "phone": "67801385",
        "website": "https://estudio507.xyz"
      },
      "geometry": {
        "type": "Point",
        "coordinates": [
          -79.5174807,
          8.999507
        ]
      },
      "id": "node/13461262988"
    },
    {
      "type": "Feature",
      "properties": {
        "@id": "node/13664842082",
        "amenity": "pharmacy",
        "email": "cliente@superxtra.com",
        "healthcare": "pharmacy",
        "name": "Xtra Farma",
        "opening_hours": "Mo-Fr 06:00-21:00; Sa-Su 06:00-09:00",
        "phone": "+507 2909000",
        "website": "https://www.superxtra.com/xtra-farma-sucursales"
      },
      "geometry": {
        "type": "Point",
        "coordinates": [
          -79.5023998,
          8.9875019
        ]
      },
      "id": "node/13664842082"
    },
    {
      "type": "Feature",
      "properties": {
        "@id": "node/13664842096",
        "amenity": "pharmacy",
        "email": "cliente@superxtra.com",
        "healthcare": "pharmacy",
        "name": "Xtra Farma",
        "opening_hours": "Mo-Sa 06:00-24:00; Su 06:00-23:00",
        "phone": "+507 2909000",
        "website": "https://www.superxtra.com/xtra-farma-sucursales"
      },
      "geometry": {
        "type": "Point",
        "coordinates": [
          -79.5275884,
          8.9941224
        ]
      },
      "id": "node/13664842096"
    },
    {
      "type": "Feature",
      "properties": {
        "@id": "node/13676738105",
        "addr:city": "Ciudad de Panamá",
        "addr:street": "Avenida Samuel Lewis",
        "fixme": "non-existing buildings, or not with this shape. added by Kaart, representing a shop or commercial activity within larger building.",
        "name": "Mini Super 35",
        "shop": "supermarket",
        "source": "KG Ground Survey 2015"
      },
      "geometry": {
        "type": "Point",
        "coordinates": [
          -79.516882,
          8.988433
        ]
      },
      "id": "node/13676738105"
    },
    {
      "type": "Feature",
      "properties": {
        "@id": "node/13704355702",
        "amenity": "pharmacy",
        "branch": "Bella Vista",
        "dispensing": "yes",
        "healthcare": "pharmacy",
        "name": "Metro Plus",
        "opening_hours": "Mo-Sa 06:30-21:30; Su 08:00-20:00",
        "phone": "+507 830-7652",
        "website": "https://www.metroplus.com.pa"
      },
      "geometry": {
        "type": "Point",
        "coordinates": [
          -79.5292974,
          8.9744905
        ]
      },
      "id": "node/13704355702"
    }
  ]
}