listing_url,listing_id,title,zone_raw,zone,zone_source,price_raw,price_usd,precio_no_evaluable,precio_no_evaluable_motivo,bedrooms,bathrooms,area_m2,operation,source,scraped_at
https://www.inmopanama.com/venta-de-apartamento-en-ph-san-francisco-san-francisco_p-143477.htm,143477,"Venta de apartamento en PH San Francisco, San Francisco",San Francisco,San Francisco,zone_raw,"$285,000",285000,False,,3,3,245,venta,inmopanama.com,2026-07-03 00:09:53
https://www.inmopanama.com/venta-de-apartamento-en-ph-san-francisco-bay-san-francisco_p-143476.htm,143476,"Venta de apartamento en PH San Francisco Bay, San Francisco",San Francisco,San Francisco,zone_raw,"$162,000",162000,False,,2,2,111,venta,inmopanama.com,2026-07-03 00:09:53
https://www.inmopanama.com/apartamento-en-venta-punta-paitilla_p-136970.htm,136970,Apartamento en Venta Punta Paitilla,San Francisco,San Francisco,zone_raw,"$1,534,600",1534600,False,,5,5,565,venta,inmopanama.com,2026-07-03 00:09:53
https://www.inmopanama.com/venta-de-apartamento-en-ph-capri-san-francisco_p-135608.htm,135608,"Venta de apartamento en PH Capri, San Francisco",San Francisco,San Francisco,zone_raw,"$149,000",149000,False,,2,2,94,venta,inmopanama.com,2026-07-03 00:09:53
https://www.inmopanama.com/apartamento-en-venta-en-san-francisco-panama_p-136477.htm,136477,"Apartamento en venta en San Francisco, Panamá",San Francisco,San Francisco,zone_raw,"$290,000",290000,False,,3,3,153,venta,inmopanama.com,2026-07-03 00:09:53
https://www.inmopanama.com/apartamento-en-venta-ocean-reef-islands_p-136965.htm,136965,Apartamento en Venta Ocean Reef Islands,San Francisco,San Francisco,zone_raw,"$1,035,714",1035714,False,,2,2,151,venta,inmopanama.com,2026-07-03 00:09:53
https://www.inmopanama.com/apartamento-en-venta-ocean-reef-islands_p-136964.htm,136964,Apartamento en Venta Ocean Reef Islands,San Francisco,San Francisco,zone_raw,"$2,575,500",2575500,False,,3,3,473,venta,inmopanama.com,2026-07-03 00:09:54
https://www.inmopanama.com/apartamento-en-venta-ocean-reef-islands_p-136942.htm,136942,Apartamento en Venta Ocean Reef Islands,San Francisco,San Francisco,zone_raw,"$797,900",797900,False,,2,2,119,venta,inmopanama.com,2026-07-03 00:09:54
https://www.inmopanama.com/apartamento-en-venta-coco-del-mar_p-136885.htm,136885,Apartamento en Venta Coco del Mar,San Francisco,San Francisco,zone_raw,"$745,000",745000,False,,3,3,275,venta,inmopanama.com,2026-07-03 00:09:54
https://www.inmopanama.com/apartamento-en-venta-ocean-reef-islands_p-136966.htm,136966,Apartamento en Venta Ocean Reef Islands,San Francisco,San Francisco,zone_raw,"$1,467,347",1467347,False,,2,2,241,venta,inmopanama.com,2026-07-03 00:09:54
https://www.inmopanama.com/apartamento-en-venta-coco-del-mar_p-136868.htm,136868,"Apartamento en Venta, Coco del Mar",San Francisco,San Francisco,zone_raw,"$330,000",330000,False,,2,2,95,venta,inmopanama.com,2026-07-03 00:09:54
https://www.inmopanama.com/venta-de-apartamento-en-san-francisco-panama_p-136141.htm,136141,"Venta de apartamento en San Francisco, Panamá",San Francisco,San Francisco,zone_raw,"$195,000",195000,False,,1,1,134,venta,inmopanama.com,2026-07-03 00:09:54
https://www.inmopanama.com/apartamento-en-venta-en-coco-del-mar-ciudad-de-panama_p-139368.htm,139368,"Apartamento en Venta en Coco del Mar, Ciudad de Panamá",San Francisco,San Francisco,zone_raw,"$1,500,000",1500000,False,,4,5,607,venta,inmopanama.com,2026-07-03 00:09:54
https://www.inmopanama.com/venta-de-apartamento-en-san-francisco_p-143012.htm,143012,Venta de Apartamento en San Francisco,San Francisco,San Francisco,zone_raw,"$450,000",450000,False,,3,3,188,venta,inmopanama.com,2026-07-03 00:09:54
https://www.inmopanama.com/apartamento-en-venta-punta-paitilla_p-139383.htm,139383,Apartamento en Venta Punta Paitilla,San Francisco,San Francisco,zone_raw,"$865,000",865000,False,,5,5,728,venta,inmopanama.com,2026-07-03 00:09:54
https://www.inmopanama.com/apartamento-en-venta-en-san-francisco_p-139974.htm,139974,Apartamento en Venta en San Francisco,San Francisco,San Francisco,zone_raw,"$1,190,000",1190000,False,,4,4,623,venta,inmopanama.com,2026-07-03 00:09:54
https://www.inmopanama.com/apartamento-en-venta-en-san-francisco_p-139976.htm,139976,Apartamento en Venta en San Francisco,San Francisco,San Francisco,zone_raw,"$429,000",429000,False,,3,2,132,venta,inmopanama.com,2026-07-03 00:09:54
https://www.inmopanama.com/apartamento-en-venta-en-san-francisco_p-139977.htm,139977,Apartamento en Venta en San Francisco,San Francisco,San Francisco,zone_raw,"$429,000",429000,False,,3,2,132,venta,inmopanama.com,2026-07-03 00:09:54
https://www.inmopanama.com/apartamento-en-venta-en-san-francisco_p-139978.htm,139978,Apartamento en Venta en San Francisco,San Francisco,San Francisco,zone_raw,"$276,500",276500,False,,3,2,79,venta,inmopanama.com,2026-07-03 00:09:55
https://www.inmopanama.com/apartamento-en-venta-en-san-francisco_p-139979.htm,139979,Apartamento en Venta en San Francisco,San Francisco,San Francisco,zone_raw,"$204,000",204000,False,,1,1,60,venta,inmopanama.com,2026-07-03 00:09:55
https://www.inmopanama.com/apartamento-en-venta-en-san-francisco_p-139980.htm,139980,Apartamento en Venta en San Francisco,San Francisco,San Francisco,zone_raw,"$188,500",188500,False,,1,1,57,venta,inmopanama.com,2026-07-03 00:09:59
https://www.inmopanama.com/apartamento-en-venta-en-san-francisco_p-139981.htm,139981,Apartamento en Venta en San Francisco,San Francisco,San Francisco,zone_raw,"$169,500",169500,False,,1,1,52,venta,inmopanama.com,2026-07-03 00:09:59
https://www.inmopanama.com/apartamento-en-venta-en-punta-paitilla_p-140004.htm,140004,Apartamento en Venta en Punta Paitilla,San Francisco,San Francisco,zone_raw,"$1,853,500",1853500,False,,5,5,565,venta,inmopanama.com,2026-07-03 00:09:59
https://www.inmopanama.com/apartamento-en-venta-en-punta-paitilla_p-140005.htm,140005,Apartamento en Venta en Punta Paitilla,San Francisco,San Francisco,zone_raw,"$865,000",865000,False,,3,3,320,venta,inmopanama.com,2026-07-03 00:09:59
https://www.inmopanama.com/apartamento-en-venta-en-punta-paitilla_p-140006.htm,140006,Apartamento en Venta en Punta Paitilla,San Francisco,San Francisco,zone_raw,"$1,016,400",1016400,False,,3,3,320,venta,inmopanama.com,2026-07-03 00:09:59
https://www.inmopanama.com/apartamento-en-venta-en-punta-paitilla_p-140007.htm,140007,Apartamento en Venta en Punta Paitilla,San Francisco,San Francisco,zone_raw,"$2,038,540",2038540,False,,5,5,728,venta,inmopanama.com,2026-07-03 00:09:59
https://www.inmopanama.com/apartamento-en-venta-en-punta-paitilla_p-140008.htm,140008,Apartamento en Venta en Punta Paitilla,San Francisco,San Francisco,zone_raw,"$1,143,138",1143138,False,,3,3,320,venta,inmopanama.com,2026-07-03 00:09:59
https://www.inmopanama.com/apartamento-en-venta-en-punta-paitilla_p-140009.htm,140009,Apartamento en Venta en Punta Paitilla,San Francisco,San Francisco,zone_raw,"$1,174,488",1174488,False,,4,4,419,venta,inmopanama.com,2026-07-03 00:09:59
https://www.inmopanama.com/apartamento-en-venta-san-francisco_p-140014.htm,140014,Apartamento en Venta San Francisco,San Francisco,San Francisco,zone_raw,"$495,000",495000,False,,3,3,189,venta,inmopanama.com,2026-07-03 00:09:59
https://www.inmopanama.com/apartamento-en-venta-en-coco-del-mar-ciudad-de-panama_p-141236.htm,141236,"Apartamento en Venta en Coco del Mar, Ciudad de Panamá",San Francisco,San Francisco,zone_raw,"$469,170",469170,False,,3,4,160,venta,inmopanama.com,2026-07-03 00:09:59
https://www.inmopanama.com/apartamento-en-venta-en-ocean-reef-island_p-141332.htm,141332,Apartamento en Venta en Ocean Reef Island,San Francisco,San Francisco,zone_raw,"$2,167,550",2167550,False,,2,3,309,venta,inmopanama.com,2026-07-03 00:09:59
https://www.inmopanama.com/apartamento-en-venta-en-ocean-reef-island_p-141333.htm,141333,Apartamento en Venta en Ocean Reef Island,San Francisco,San Francisco,zone_raw,"$2,055,550",2055550,False,,2,3,293,venta,inmopanama.com,2026-07-03 00:09:59
https://www.inmopanama.com/apartamento-en-venta-san-francisco_p-141361.htm,141361,Apartamento en Venta San Francisco,San Francisco,San Francisco,zone_raw,"$228,800",228800,False,,1,2,67,venta,inmopanama.com,2026-07-03 00:10:00
https://www.inmopanama.com/apartamento-en-venta-san-francisco_p-141362.htm,141362,Apartamento en Venta San Francisco,San Francisco,San Francisco,zone_raw,"$289,000",289000,False,,1,2,90,venta,inmopanama.com,2026-07-03 00:10:00
https://www.inmopanama.com/venta-de-apartamento-en-san-francisco_p-141381.htm,141381,Venta de Apartamento en San Francisco,San Francisco,San Francisco,zone_raw,"$400,000",400000,False,,3,3,293,venta,inmopanama.com,2026-07-03 00:10:00
https://www.inmopanama.com/apartamento-en-venta-san-francisco_p-141463.htm,141463,Apartamento en Venta San Francisco,San Francisco,San Francisco,zone_raw,"$215,828",215828,False,,1,1,59,venta,inmopanama.com,2026-07-03 00:10:00
https://www.inmopanama.com/apartamento-en-venta-san-francisco_p-141464.htm,141464,Apartamento en Venta San Francisco,San Francisco,San Francisco,zone_raw,"$245,336",245336,False,,2,2,66,venta,inmopanama.com,2026-07-03 00:10:00
https://www.inmopanama.com/apartamento-en-venta-san-francisco_p-141465.htm,141465,Apartamento en Venta San Francisco,San Francisco,San Francisco,zone_raw,"$187,559",187559,False,,1,1,47,venta,inmopanama.com,2026-07-03 00:10:00
https://www.inmopanama.com/apartamento-en-venta-san-francisco_p-141467.htm,141467,Apartamento en Venta San Francisco,San Francisco,San Francisco,zone_raw,"$291,920",291920,False,,2,2,76,venta,inmopanama.com,2026-07-03 00:10:00
https://www.inmopanama.com/apartamento-en-venta-san-francisco_p-141468.htm,141468,Apartamento en Venta San Francisco,San Francisco,San Francisco,zone_raw,"$264,308",264308,False,,2,2,71,venta,inmopanama.com,2026-07-03 00:10:00
https://www.inmopanama.com/apartamento-en-venta-san-francisco_p-141469.htm,141469,Apartamento en Venta San Francisco,San Francisco,San Francisco,zone_raw,"$283,100",283100,False,,2,2,77,venta,inmopanama.com,2026-07-03 00:10:04
https://www.inmopanama.com/apartamento-en-venta-san-francisco_p-141470.htm,141470,Apartamento en Venta San Francisco,San Francisco,San Francisco,zone_raw,"$298,960",298960,False,,2,2,80,venta,inmopanama.com,2026-07-03 00:10:04
https://www.inmopanama.com/apartamento-en-venta-san-francisco_p-141471.htm,141471,Apartamento en Venta San Francisco,San Francisco,San Francisco,zone_raw,"$225,896",225896,False,,1,1,61,venta,inmopanama.com,2026-07-03 00:10:04
https://www.inmopanama.com/apartamento-en-venta-punta-paitilla_p-141472.htm,141472,Apartamento en Venta Punta Paitilla,San Francisco,San Francisco,zone_raw,"$511,000",511000,False,,1,3,145,venta,inmopanama.com,2026-07-03 00:10:04
https://www.inmopanama.com/apartamento-en-venta-punta-paitilla_p-141473.htm,141473,Apartamento en Venta Punta Paitilla,San Francisco,San Francisco,zone_raw,"$471,000",471000,False,,1,3,129,venta,inmopanama.com,2026-07-03 00:10:04
https://www.inmopanama.com/apartamento-en-venta-punta-paitilla_p-141474.htm,141474,Apartamento en Venta Punta Paitilla,San Francisco,San Francisco,zone_raw,"$511,000",511000,False,,1,3,116,venta,inmopanama.com,2026-07-03 00:10:04
https://www.inmopanama.com/apartamento-en-venta-punta-paitilla_p-141475.htm,141475,Apartamento en Venta Punta Paitilla,San Francisco,San Francisco,zone_raw,"$458,000",458000,False,,1,3,110,venta,inmopanama.com,2026-07-03 00:10:05
https://www.inmopanama.com/apartamento-en-venta-punta-paitilla_p-141476.htm,141476,Apartamento en Venta Punta Paitilla,San Francisco,San Francisco,zone_raw,"$669,000",669000,False,,1,4,160,venta,inmopanama.com,2026-07-03 00:10:05
https://www.inmopanama.com/venta-de-apartamento-en-coco-del-mar-san-francisco_p-136602.htm,136602,"Venta de apartamento en Coco del Mar, San Francisco",Coco Del Mar,San Francisco,zone_raw_barrio_mapeado,"$269,730",269730,False,,1,1,74,venta,inmopanama.com,2026-07-03 00:10:05
https://www.inmopanama.com/apartamento-en-venta-en-punta-pacifica-panama_p-136389.htm,136389,"Apartamento en venta en Punta Pacífica, Panamá",Punta Pacifica,San Francisco,zone_raw_barrio_mapeado,"$1,800,000",1800000,False,,3,3,540,venta,inmopanama.com,2026-07-03 00:10:05
https://www.inmopanama.com/apartamento-en-venta-en-punta-paitilla_p-136428.htm,136428,Apartamento en venta en Punta Paitilla,Punta Paitilla,San Francisco,zone_raw_barrio_mapeado,"$345,000",345000,False,,3,3,298,venta,inmopanama.com,2026-07-03 00:10:05
https://www.inmopanama.com/apartamento-en-venta-punta-paitilla_p-136720.htm,136720,"Apartamento en venta, Punta Paitilla",Punta Paitilla,San Francisco,zone_raw_barrio_mapeado,"$1,150,000",1150000,False,,4,4,500,venta,inmopanama.com,2026-07-03 00:10:05
https://www.inmopanama.com/venta-de-apartamento-en-coco-del-mar_p-136816.htm,136816,Venta de Apartamento en Coco del Mar,Coco Del Mar,San Francisco,zone_raw_barrio_mapeado,"$629,000",629000,False,,2,2,173,venta,inmopanama.com,2026-07-03 00:10:05
https://www.inmopanama.com/venta-de-apartamento-en-playa-bonita_p-136458.htm,136458,Venta de apartamento en Playa Bonita,Coco Del Mar,San Francisco,zone_raw_barrio_mapeado,"$400,000",400000,False,,1,2,80,venta,inmopanama.com,2026-07-03 00:10:05
https://www.inmopanama.com/venta-de-penthouse-en-punta-pacifica_p-135735.htm,135735,Venta de Penthouse en Punta Pacífica,Punta Pacifica,San Francisco,zone_raw_barrio_mapeado,"$790,000",790000,False,,4,4,438,venta,inmopanama.com,2026-07-03 00:10:05
https://www.inmopanama.com/apartamento-en-venta-en-punta-pacifica-panama_p-135897.htm,135897,"Apartamento en venta en Punta Pacífica, Panamá",Punta Pacifica,San Francisco,zone_raw_barrio_mapeado,"$450,000",450000,False,,2,2,153,venta,inmopanama.com,2026-07-03 00:10:05
https://www.inmopanama.com/venta-de-apartamento-en-punta-paitillla-panama_p-135994.htm,135994,"Venta de apartamento en Punta Paitillla, Panamá",Punta Paitilla,San Francisco,zone_raw_barrio_mapeado,"$323,555",323555,False,,2,3,120,venta,inmopanama.com,2026-07-03 00:10:05
https://www.inmopanama.com/apartamento-en-venta-en-punta-paitilla-panama_p-136019.htm,136019,"Apartamento en venta en Punta Paitilla, Panamá",Punta Paitilla,San Francisco,zone_raw_barrio_mapeado,"$615,000",615000,False,,4,4,531,venta,inmopanama.com,2026-07-03 00:10:05
https://www.inmopanama.com/venta-de-apartamento-en-punta-paitillla-panama_p-139332.htm,139332,"Venta de apartamento en Punta Paitillla, Panamá",Punta Paitilla,San Francisco,zone_raw_barrio_mapeado,"$327,379",327379,False,,1,2,116,venta,inmopanama.com,2026-07-03 00:10:05
https://www.inmopanama.com/venta-de-apartamento-en-punta-paitillla-panama_p-139333.htm,139333,"Venta de apartamento en Punta Paitillla, Panamá",Punta Paitilla,San Francisco,zone_raw_barrio_mapeado,"$348,820",348820,False,,1,2,110,venta,inmopanama.com,2026-07-03 00:10:06
https://www.inmopanama.com/venta-de-apartamento-en-punta-paitillla-panama_p-139334.htm,139334,"Venta de apartamento en Punta Paitillla, Panamá",Punta Paitilla,San Francisco,zone_raw_barrio_mapeado,"$297,659",297659,False,,1,1,74,venta,inmopanama.com,2026-07-03 00:10:12
https://www.inmopanama.com/venta-de-apartamento-en-punta-paitillla-panama_p-139335.htm,139335,"Venta de apartamento en Punta Paitillla, Panamá",Punta Paitilla,San Francisco,zone_raw_barrio_mapeado,"$494,647",494647,False,,1,3,160,venta,inmopanama.com,2026-07-03 00:10:12
https://www.inmopanama.com/venta-de-apartamento-en-playa-bonita_p-139355.htm,139355,Venta de apartamento en Playa Bonita,Coco Del Mar,San Francisco,zone_raw_barrio_mapeado,"$640,000",640000,False,,3,3,128,venta,inmopanama.com,2026-07-03 00:10:12
https://www.inmopanama.com/apartamento-en-venta-en-punta-pacifixa_p-139952.htm,139952,Apartamento en Venta en Punta Pacifixa,Punta Pacifica,San Francisco,zone_raw_barrio_mapeado,"$350,000",350000,False,,1,1,140,venta,inmopanama.com,2026-07-03 00:10:12
https://www.inmopanama.com/apartamento-en-venta-en-san-francisco_p-139969.htm,139969,Apartamento en Venta en San Francisco,Altos Del Golf,san-francisco,pagina_scrapeada_no_resuelto,"$1,300,000",1300000,False,,4,4,622,venta,inmopanama.com,2026-07-03 00:10:12
https://www.inmopanama.com/apartamento-en-venta-en-coco-del-mar_p-139970.htm,139970,Apartamento en Venta en Coco del Mar,Coco Del Mar,San Francisco,zone_raw_barrio_mapeado,"$305,000",305000,False,,2,2,70,venta,inmopanama.com,2026-07-03 00:10:12
https://www.inmopanama.com/apartamento-en-venta-en-coco-del-mar_p-139971.htm,139971,Apartamento en Venta en Coco del Mar,Coco Del Mar,San Francisco,zone_raw_barrio_mapeado,"$265,000",265000,False,,1,1,55,venta,inmopanama.com,2026-07-03 00:10:13
https://www.inmopanama.com/apartamento-en-venta-en-san-francisco_p-140013.htm,140013,Apartamento en Venta en San Francisco,Punta Pacifica,San Francisco,zone_raw_barrio_mapeado,"$480,000",480000,False,,3,3,272,venta,inmopanama.com,2026-07-03 00:10:13
https://www.inmopanama.com/apartamento-en-venta-en-san-francisco_p-140021.htm,140021,Apartamento en Venta en San Francisco,Punta Pacifica,San Francisco,zone_raw_barrio_mapeado,"$769,000",769000,False,,3,3,300,venta,inmopanama.com,2026-07-03 00:10:13
https://www.inmopanama.com/apartamento-en-venta-en-san-francico_p-140022.htm,140022,Apartamento en Venta en San Francico,Punta Pacifica,San Francisco,zone_raw_barrio_mapeado,"$769,000",769000,False,,3,3,300,venta,inmopanama.com,2026-07-03 00:10:13
https://www.inmopanama.com/apartamento-en-venta-en-coco-del-mar-ciudad-de-panama_p-140029.htm,140029,"Apartamento en Venta en Coco del Mar, Ciudad de Panamá",Coco Del Mar,San Francisco,zone_raw_barrio_mapeado,"$499,930",499930,False,,3,4,183,venta,inmopanama.com,2026-07-03 00:10:13
https://www.inmopanama.com/apartamento-en-venta-en-punta-pacifica_p-140034.htm,140034,Apartamento en Venta en Punta Pacífica,Punta Pacifica,San Francisco,zone_raw_barrio_mapeado,"$656,232",656232,False,,3,2,165,venta,inmopanama.com,2026-07-03 00:10:13
https://www.inmopanama.com/apartamento-en-venta-en-punta-pacifica_p-140035.htm,140035,Apartamento en Venta en Punta Pacífica,Punta Pacifica,San Francisco,zone_raw_barrio_mapeado,"$473,728",473728,False,,3,2,115,venta,inmopanama.com,2026-07-03 00:10:13
https://www.inmopanama.com/apartamento-en-venta-en-punta-pacifica_p-140036.htm,140036,Apartamento en Venta en Punta Pacífica,Punta Pacifica,San Francisco,zone_raw_barrio_mapeado,"$1,283,467",1283467,False,,3,4,299,venta,inmopanama.com,2026-07-03 00:10:13
https://www.inmopanama.com/apartamento-en-venta-en-punta-pacifica_p-140037.htm,140037,Apartamento en Venta en Punta Pacífica,Punta Pacifica,San Francisco,zone_raw_barrio_mapeado,"$1,082,343",1082343,False,,3,4,273,venta,inmopanama.com,2026-07-03 00:10:13
https://www.inmopanama.com/apartamento-en-venta-punta-pacifica_p-140088.htm,140088,Apartamento en Venta Punta Pacífica,Punta Pacifica,San Francisco,zone_raw_barrio_mapeado,"$950,000",950000,False,,4,4,404,venta,inmopanama.com,2026-07-03 00:10:13
https://www.inmopanama.com/apartamento-en-venta-san-francisco_p-140104.htm,140104,Apartamento en venta San Francisco,Punta Paitilla,San Francisco,zone_raw_barrio_mapeado,"$1,250,000",1250000,False,,4,4,420,venta,inmopanama.com,2026-07-03 00:10:13
https://www.inmopanama.com/venta-de-apartamento-ocean-reef_p-140106.htm,140106,Venta de apartamento Ocean Reef,Punta Pacifica,San Francisco,zone_raw_barrio_mapeado,"$5,067,375",5067375,False,,4,4,675,venta,inmopanama.com,2026-07-03 00:10:13
https://www.inmopanama.com/venta-de-apartamento-ocean-reef_p-140107.htm,140107,Venta de apartamento Ocean Reef,Punta Pacifica,San Francisco,zone_raw_barrio_mapeado,"$2,202,375",2202375,False,,3,3,293,venta,inmopanama.com,2026-07-03 00:10:13
https://www.inmopanama.com/venta-de-apartamento-nuevo-en-punta-paitilla-san-francisco_p-140119.htm,140119,"Venta de apartamento nuevo en Punta Paitilla, San Francisco",Punta Paitilla,San Francisco,zone_raw_barrio_mapeado,"$1,044,500",1044500,False,,3,3,320,venta,inmopanama.com,2026-07-03 00:10:14
https://www.inmopanama.com/apartamento-nuevo-en-venta-punta-pacifica_p-140121.htm,140121,Apartamento nuevo en venta Punta Pacífica,Punta Pacifica,San Francisco,zone_raw_barrio_mapeado,"$881,250",881250,False,,3,3,250,venta,inmopanama.com,2026-07-03 00:10:18
https://www.inmopanama.com/apartamento-nuevo-en-venta-punta-pacifica_p-140122.htm,140122,Apartamento nuevo en venta Punta Pacífica,Punta Pacifica,San Francisco,zone_raw_barrio_mapeado,"$1,685,275",1685275,False,,3,3,359,venta,inmopanama.com,2026-07-03 00:10:18
https://www.inmopanama.com/apartamento-nuevo-en-venta-coco-del-mar-san-francisco_p-140135.htm,140135,"Apartamento nuevo en venta Coco del Mar, San Francisco",Coco Del Mar,San Francisco,zone_raw_barrio_mapeado,"$340,000",340000,False,,2,2,95,venta,inmopanama.com,2026-07-03 00:10:18
https://www.inmopanama.com/apartamento-en-venta-punta-paitilla_p-140167.htm,140167,Apartamento en Venta Punta Paitilla,Punta Paitilla,San Francisco,zone_raw_barrio_mapeado,"$490,000",490000,False,,3,3,350,venta,inmopanama.com,2026-07-03 00:10:18
https://www.inmopanama.com/apartamento-en-venta-coco-del-mar_p-140175.htm,140175,Apartamento en Venta Coco del Mar,Coco Del Mar,San Francisco,zone_raw_barrio_mapeado,"$375,250",375250,False,,3,3,95,venta,inmopanama.com,2026-07-03 00:10:18
https://www.inmopanama.com/apartamento-en-venta-coco-del-mar_p-140176.htm,140176,Apartamento en Venta Coco del Mar,Coco Del Mar,San Francisco,zone_raw_barrio_mapeado,"$328,950",328950,False,,2,2,85,venta,inmopanama.com,2026-07-03 00:10:18
https://www.inmopanama.com/apartamento-en-venta-coco-del-mar_p-140177.htm,140177,Apartamento en Venta Coco del Mar,Coco Del Mar,San Francisco,zone_raw_barrio_mapeado,"$267,840",267840,False,,2,2,64,venta,inmopanama.com,2026-07-03 00:10:18
https://www.inmopanama.com/apartamento-en-venta-coco-del-mar_p-140178.htm,140178,Apartamento en Venta Coco del Mar,Coco Del Mar,San Francisco,zone_raw_barrio_mapeado,"$365,275",365275,False,,3,3,95,venta,inmopanama.com,2026-07-03 00:10:18
https://www.inmopanama.com/apartamento-en-venta-coco-del-mar_p-140179.htm,140179,Apartamento en Venta Coco del Mar,Coco Del Mar,San Francisco,zone_raw_barrio_mapeado,"$320,875",320875,False,,2,2,85,venta,inmopanama.com,2026-07-03 00:10:18
https://www.inmopanama.com/apartamento-en-venta-coco-del-mar_p-140180.htm,140180,Apartamento en Venta Coco del Mar,Coco Del Mar,San Francisco,zone_raw_barrio_mapeado,"$260,480",260480,False,,2,2,64,venta,inmopanama.com,2026-07-03 00:10:18
https://www.inmopanama.com/apartamento-en-venta-san-francisco_p-140232.htm,140232,Apartamento en Venta San Francisco,Punta Pacifica,San Francisco,zone_raw_barrio_mapeado,"$334,110",334110,False,,1,1,94,venta,inmopanama.com,2026-07-03 00:10:18
https://www.inmopanama.com/apartamento-en-venta-san-francisco_p-140233.htm,140233,Apartamento en Venta San Francisco,Punta Pacifica,San Francisco,zone_raw_barrio_mapeado,"$308,835",308835,False,,1,1,82,venta,inmopanama.com,2026-07-03 00:10:18
https://www.inmopanama.com/apartamento-en-venta-san-francisco_p-140234.htm,140234,Apartamento en Venta San Francisco,Punta Pacifica,San Francisco,zone_raw_barrio_mapeado,"$299,770",299770,False,,1,1,80,venta,inmopanama.com,2026-07-03 00:10:19
https://www.inmopanama.com/apartamento-en-venta-san-francisco_p-140255.htm,140255,Apartamento en Venta San Francisco,Punta Paitilla,San Francisco,zone_raw_barrio_mapeado,"$264,308",264308,False,,2,2,71,venta,inmopanama.com,2026-07-03 00:10:19
https://www.inmopanama.com/apartamento-en-venta-punta-paitilla_p-140258.htm,140258,Apartamento en Venta Punta Paitilla,Punta Paitilla,San Francisco,zone_raw_barrio_mapeado,"$333,270",333270,False,,1,3,129,venta,inmopanama.com,2026-07-03 00:10:19
https://www.inmopanama.com/apartamento-en-venta-punta-paitilla_p-140260.htm,140260,Apartamento en Venta Punta Paitilla,Punta Paitilla,San Francisco,zone_raw_barrio_mapeado,"$368,632",368632,False,,1,3,127,venta,inmopanama.com,2026-07-03 00:10:19
https://www.inmopanama.com/apartamento-en-venta-punta-paitilla_p-140261.htm,140261,Apartamento en Venta Punta Paitilla,Punta Paitilla,San Francisco,zone_raw_barrio_mapeado,"$327,379",327379,False,,1,3,116,venta,inmopanama.com,2026-07-03 00:10:19
https://www.inmopanama.com/apartamento-en-venta-punta-paitilla_p-140262.htm,140262,Apartamento en Venta Punta Paitilla,Punta Paitilla,San Francisco,zone_raw_barrio_mapeado,"$363,480",363480,False,,1,3,110,venta,inmopanama.com,2026-07-03 00:10:19
https://www.inmopanama.com/apartamento-en-venta-punta-paitilla_p-140263.htm,140263,Apartamento en Venta Punta Paitilla,Punta Paitilla,San Francisco,zone_raw_barrio_mapeado,"$297,659",297659,False,,1,2,74,venta,inmopanama.com,2026-07-03 00:10:19
https://www.inmopanama.com/apartamento-en-venta-punta-paitilla_p-140264.htm,140264,Apartamento en Venta Punta Paitilla,Punta Paitilla,San Francisco,zone_raw_barrio_mapeado,"$494,647",494647,False,,1,4,160,venta,inmopanama.com,2026-07-03 00:10:19
https://www.inmopanama.com/apartamento-en-venta-coco-del-mar_p-140270.htm,140270,Apartamento en Venta Coco del Mar,Coco Del Mar,San Francisco,zone_raw_barrio_mapeado,"$265,000",265000,False,,2,2,148,venta,inmopanama.com,2026-07-03 00:10:23
https://www.inmopanama.com/venta-de-amplio-apartamento-en-punta-paitilla_p-140343.htm,140343,Venta de amplio apartamento en Punta Paitilla,Punta Paitilla,San Francisco,zone_raw_barrio_mapeado,"$615,000",615000,False,,4,4,324,venta,inmopanama.com,2026-07-03 00:10:23
https://www.inmopanama.com/apartamentos-en-venta-punta-pacifica_p-140344.htm,140344,Apartamentos en Venta Punta Pacifica,Punta Pacifica,San Francisco,zone_raw_barrio_mapeado,"$483,980",483980,False,,2,2,138,venta,inmopanama.com,2026-07-03 00:10:23
https://www.inmopanama.com/apartamento-nuevo-en-venta-coco-del-mar-san-francisco_p-140380.htm,140380,"Apartamento nuevo en venta Coco del Mar, San Francisco",Coco Del Mar,San Francisco,zone_raw_barrio_mapeado,"$330,000",330000,False,,2,2,95,venta,inmopanama.com,2026-07-03 00:10:24
https://www.inmopanama.com/venta-de-apartamento-en-coco-del-mar_p-140390.htm,140390,Venta de Apartamento en Coco del Mar,Coco Del Mar,San Francisco,zone_raw_barrio_mapeado,"$629,000",629000,False,,2,2,173,venta,inmopanama.com,2026-07-03 00:10:24
https://www.inmopanama.com/apartamento-en-venta-coco-del-mar-ciudad-de-panama_p-140391.htm,140391,"Apartamento en Venta Coco del Mar, Ciudad de Panamá",Coco Del Mar,San Francisco,zone_raw_barrio_mapeado,"$590,000",590000,False,,3,3,173,venta,inmopanama.com,2026-07-03 00:10:24
https://www.inmopanama.com/apartamento-en-venta-coco-del-mar-ciudad-de-panama_p-140392.htm,140392,"Apartamento en Venta  Coco del Mar, Ciudad de Panamá",Coco Del Mar,San Francisco,zone_raw_barrio_mapeado,"$600,000",600000,False,,3,3,173,venta,inmopanama.com,2026-07-03 00:10:24
https://www.inmopanama.com/apartamento-en-venta-punta-paitilla_p-140395.htm,140395,Apartamento en Venta  Punta Paitilla,Punta Paitilla,San Francisco,zone_raw_barrio_mapeado,"$1,150,000",1150000,False,,4,4,500,venta,inmopanama.com,2026-07-03 00:10:24
https://www.inmopanama.com/venta-de-apartamento-en-coco-del-mar-san-francisco_p-140405.htm,140405,"Venta de apartamento en Coco del Mar, San Francisco",Coco Del Mar,San Francisco,zone_raw_barrio_mapeado,"$269,730",269730,False,,1,1,74,venta,inmopanama.com,2026-07-03 00:10:24
https://www.inmopanama.com/apartamento-en-venta-en-punta-paitilla_p-140424.htm,140424,Apartamento en Venta en Punta Paitilla,Punta Paitilla,San Francisco,zone_raw_barrio_mapeado,"$345,000",345000,False,,3,3,298,venta,inmopanama.com,2026-07-03 00:10:24
https://www.inmopanama.com/apartamento-en-venta-en-punta-pacifica-panama_p-140435.htm,140435,"Apartamento en Venta en Punta Pacífica, Panamá",Punta Pacifica,San Francisco,zone_raw_barrio_mapeado,"$1,800,000",1800000,False,,3,3,540,venta,inmopanama.com,2026-07-03 00:10:24
https://www.inmopanama.com/venta-de-apartamento-en-punta-paitillla_p-140491.htm,140491,Venta de apartamento en Punta Paitillla,Punta Paitilla,San Francisco,zone_raw_barrio_mapeado,"$323,555",323555,False,,2,3,120,venta,inmopanama.com,2026-07-03 00:10:24
https://www.inmopanama.com/venta-de-apartamento-en-punta-paitillla_p-140492.htm,140492,Venta de apartamento en Punta Paitillla,Punta Paitilla,San Francisco,zone_raw_barrio_mapeado,"$357,432",357432,False,,1,2,116,venta,inmopanama.com,2026-07-03 00:10:24
https://www.inmopanama.com/venta-de-apartamento-en-punta-paitillla_p-140494.htm,140494,Venta de apartamento en Punta Paitillla,Punta Paitilla,San Francisco,zone_raw_barrio_mapeado,"$304,156",304156,False,,1,2,74,venta,inmopanama.com,2026-07-03 00:10:24
https://www.inmopanama.com/venta-de-apartamento-en-punta-paitillla_p-140495.htm,140495,Venta de apartamento en Punta Paitillla,Punta Paitilla,San Francisco,zone_raw_barrio_mapeado,"$517,980",517980,False,,1,3,160,venta,inmopanama.com,2026-07-03 00:10:24
https://www.inmopanama.com/apartamento-en-venta-en-punta-paitilla_p-140501.htm,140501,Apartamento en venta en Punta Paitilla,Punta Paitilla,San Francisco,zone_raw_barrio_mapeado,"$615,000",615000,False,,4,4,531,venta,inmopanama.com,2026-07-03 00:10:24
https://www.inmopanama.com/apartamento-en-venta-punta-pacifica_p-140513.htm,140513,Apartamento en Venta  Punta Pacífica,Punta Pacifica,San Francisco,zone_raw_barrio_mapeado,"$450,000",450000,False,,2,2,153,venta,inmopanama.com,2026-07-03 00:10:25
https://www.inmopanama.com/venta-de-penthouse-en-punta-pacifica_p-140522.htm,140522,Venta de Penthouse en Punta Pacífica,Punta Pacifica,San Francisco,zone_raw_barrio_mapeado,"$790,000",790000,False,,4,4,438,venta,inmopanama.com,2026-07-03 00:10:25
https://www.inmopanama.com/venta-de-apartamento-en-punta-pacifica_p-140546.htm,140546,Venta de Apartamento en Punta Pacífica,Punta Pacifica,San Francisco,zone_raw_barrio_mapeado,"$310,800",310800,False,,1,1,67,venta,inmopanama.com,2026-07-03 00:10:25
https://www.inmopanama.com/venta-de-apartamento-en-punta-pacifica_p-140547.htm,140547,Venta de Apartamento en Punta Pacífica,Punta Pacifica,San Francisco,zone_raw_barrio_mapeado,"$233,500",233500,False,,1,1,50,venta,inmopanama.com,2026-07-03 00:10:25
https://www.inmopanama.com/venta-de-apartamento-en-punta-pacifica_p-140548.htm,140548,Venta de Apartamento en Punta Pacífica,Punta Pacifica,San Francisco,zone_raw_barrio_mapeado,"$125,000",125000,False,,1,1,25,venta,inmopanama.com,2026-07-03 00:10:29
https://www.inmopanama.com/apartamento-penthouse-en-venta-punta-paitilla_p-140555.htm,140555,Apartamento (Penthouse) en venta - Punta Paitilla,Punta Paitilla,San Francisco,zone_raw_barrio_mapeado,"$1,149,750",1149750,False,,4,4,420,venta,inmopanama.com,2026-07-03 00:10:29
https://www.inmopanama.com/apartamento-penthouse-en-venta-punta-paitilla_p-140556.htm,140556,Apartamento (Penthouse) en venta - Punta Paitilla,Punta Paitilla,San Francisco,zone_raw_barrio_mapeado,"$1,532,600",1532600,False,,5,5,565,venta,inmopanama.com,2026-07-03 00:10:29
https://www.inmopanama.com/apartamento-penthouse-en-venta-punta-paitilla_p-140557.htm,140557,Apartamento (Penthouse) en venta - Punta Paitilla,Punta Paitilla,San Francisco,zone_raw_barrio_mapeado,"$913,400",913400,False,,3,3,320,venta,inmopanama.com,2026-07-03 00:10:29
https://www.inmopanama.com/apartamento-en-venta-en-punta-paitilla_p-140566.htm,140566,Apartamento en Venta en Punta Paitilla,Punta Paitilla,San Francisco,zone_raw_barrio_mapeado,"$795,221",795221,False,,4,4,307,venta,inmopanama.com,2026-07-03 00:10:29
https://www.inmopanama.com/apartamento-en-venta-en-punta-paitilla_p-140567.htm,140567,Apartamento en Venta en Punta Paitilla,Punta Paitilla,San Francisco,zone_raw_barrio_mapeado,"$454,500",454500,False,,3,3,177,venta,inmopanama.com,2026-07-03 00:10:29
https://www.inmopanama.com/apartamento-en-venta-en-ocean-reef-islands-ciudad-de-panama_p-140580.htm,140580,"Apartamento en Venta en Ocean Reef Islands, Ciudad de Panamá",Punta Pacifica,San Francisco,zone_raw_barrio_mapeado,"$1,639,000",1639000,False,,3,3,227,venta,inmopanama.com,2026-07-03 00:10:29
https://www.inmopanama.com/apartamento-en-venta-en-ocean-reef-islands-ciudad-de-panama_p-140581.htm,140581,"Apartamento en Venta en Ocean Reef Islands, Ciudad de Panamá",Punta Pacifica,San Francisco,zone_raw_barrio_mapeado,"$1,057,143",1057143,False,,2,2,183,venta,inmopanama.com,2026-07-03 00:10:29
https://www.inmopanama.com/apartamento-en-venta-en-ocean-reef-islands_p-140582.htm,140582,Apartamento en Venta en Ocean Reef Islands,Punta Pacifica,San Francisco,zone_raw_barrio_mapeado,"$2,100,000",2100000,False,,3,3,249,venta,inmopanama.com,2026-07-03 00:10:29
https://www.inmopanama.com/apartamento-en-venta-en-ocean-reef-islands_p-140584.htm,140584,Apartamento en Venta en Ocean Reef Islands,Punta Pacifica,San Francisco,zone_raw_barrio_mapeado,"$1,800,000",1800000,False,,3,3,249,venta,inmopanama.com,2026-07-03 00:10:29
https://www.inmopanama.com/venta-de-apartamento-en-ocean-reef-islands_p-140585.htm,140585,Venta de Apartamento en Ocean Reef Islands,Punta Pacifica,San Francisco,zone_raw_barrio_mapeado,"$1,450,000",1450000,False,,3,3,242,venta,inmopanama.com,2026-07-03 00:10:30
https://www.inmopanama.com/venta-de-apartamento-en-ocean-reef-islands-punta-pacifica_p-140587.htm,140587,"Venta de Apartamento en Ocean Reef Islands, Punta Pacífica",Punta Pacifica,San Francisco,zone_raw_barrio_mapeado,"$765,000",765000,False,,2,2,141,venta,inmopanama.com,2026-07-03 00:10:30
https://www.inmopanama.com/venta-de-apartamento-en-coco-del-mar-san-francisco_p-140619.htm,140619,"Venta de apartamento en Coco del Mar, San Francisco",Coco Del Mar,San Francisco,zone_raw_barrio_mapeado,"$550,000",550000,False,,3,3,150,venta,inmopanama.com,2026-07-03 00:10:30
https://www.inmopanama.com/venta-de-apartamento-en-coco-del-mar-san-francisco_p-140620.htm,140620,"Venta de apartamento en Coco del Mar, San Francisco",Coco Del Mar,San Francisco,zone_raw_barrio_mapeado,"$342,000",342000,False,,2,2,102,venta,inmopanama.com,2026-07-03 00:10:30
https://www.inmopanama.com/venta-de-apartamento-en-coco-del-mar-san-francisco_p-140621.htm,140621,"Venta de apartamento en Coco del Mar, San Francisco",Coco Del Mar,San Francisco,zone_raw_barrio_mapeado,"$270,000",270000,False,,1,2,73,venta,inmopanama.com,2026-07-03 00:10:30
https://www.inmopanama.com/venta-de-apartamento-frente-al-mar-en-punta-pacifica_p-140650.htm,140650,Venta de Apartamento Frente al Mar en Punta Pacífica,Punta Pacifica,San Francisco,zone_raw_barrio_mapeado,"$480,000",480000,False,,2,2,191,venta,inmopanama.com,2026-07-03 00:10:30
https://www.inmopanama.com/venta-de-apartamento-en-punta-pacifica_p-140665.htm,140665,Venta de Apartamento en Punta Pacífica,Punta Pacifica,San Francisco,zone_raw_barrio_mapeado,"$540,000",540000,False,,2,2,208,venta,inmopanama.com,2026-07-03 00:10:30
https://www.inmopanama.com/venta-de-apartamento-en-ocean-reef-island-ii_p-140669.htm,140669,Venta de Apartamento en Ocean Reef Island II,Punta Pacifica,San Francisco,zone_raw_barrio_mapeado,"$1,500,000",1500000,False,,4,4,244,venta,inmopanama.com,2026-07-03 00:10:30
https://www.inmopanama.com/apartamento-en-venta-ocean-reef-islands-punta-pacifica_p-140673.htm,140673,"Apartamento en Venta Ocean Reef Islands, Punta Pacífica",Punta Pacifica,San Francisco,zone_raw_barrio_mapeado,"$1,409,412",1409412,False,,2,2,239,venta,inmopanama.com,2026-07-03 00:10:30
https://www.inmopanama.com/venta-de-apartamento-en-ocean-reef-islands_p-140682.htm,140682,Venta de Apartamento en Ocean Reef Islands,Punta Pacifica,San Francisco,zone_raw_barrio_mapeado,"$1,354,288",1354288,False,,2,2,198,venta,inmopanama.com,2026-07-03 00:10:30
https://www.inmopanama.com/venta-de-apartamentos-en-ocean-reef-islands_p-140683.htm,140683,Venta de Apartamentos en Ocean Reef Islands,Punta Pacifica,San Francisco,zone_raw_barrio_mapeado,"$1,230,000",1230000,False,,2,2,169,venta,inmopanama.com,2026-07-03 00:11:14
https://www.inmopanama.com/apartamento-loft-en-venta-punta-pacifica_p-140721.htm,140721,Apartamento Loft en venta Punta Pacífica,Punta Pacifica,San Francisco,zone_raw_barrio_mapeado,"$365,000",365000,False,,1,1,167,venta,inmopanama.com,2026-07-03 00:11:14
https://www.inmopanama.com/apartamento-en-venta-en-paitilla_p-140727.htm,140727,Apartamento en venta en Paitilla,Punta Paitilla,San Francisco,zone_raw_barrio_mapeado,"$1,400,000",1400000,False,,4,4,500,venta,inmopanama.com,2026-07-03 00:11:14
https://www.inmopanama.com/apartamento-en-venta-punta-pacifica_p-140746.htm,140746,"Apartamento en venta, Punta Pacífica",Punta Pacifica,San Francisco,zone_raw_barrio_mapeado,"$495,000",495000,False,,2,3,195,venta,inmopanama.com,2026-07-03 00:11:14
https://www.inmopanama.com/apartamento-en-venta-ocean-terrace-residences-ocean-reef-islands_p-140778.htm,140778,Apartamento en venta Ocean Terrace Residences  Ocean Reef Islands,Punta Pacifica,San Francisco,zone_raw_barrio_mapeado,"$2,535,121",2535121,False,,4,4,530,venta,inmopanama.com,2026-07-03 00:11:14
https://www.inmopanama.com/venta-de-apartamento-en-ocean-reef-islands_p-140781.htm,140781,Venta de Apartamento en Ocean Reef Islands,Punta Pacifica,San Francisco,zone_raw_barrio_mapeado,"$1,346,794",1346794,False,,2,2,216,venta,inmopanama.com,2026-07-03 00:11:14
https://www.inmopanama.com/en-venta-apartamento-en-ph-garden-ocean-reef_p-140856.htm,140856,"En venta apartamento en PH Garden, Ocean Reef",Punta Pacifica,San Francisco,zone_raw_barrio_mapeado,"$2,500,000",2500000,False,,4,3,375,venta,inmopanama.com,2026-07-03 00:11:14
https://www.inmopanama.com/venta-de-apartamento-de-lujo-en-punta-pacifica_p-140864.htm,140864,Venta de Apartamento de Lujo en Punta Pacífica,Punta Pacifica,San Francisco,zone_raw_barrio_mapeado,"$750,000",750000,False,,3,3,288,venta,inmopanama.com,2026-07-03 00:11:14
https://www.inmopanama.com/apartamento-en-venta-en-paitilla_p-140866.htm,140866,Apartamento en venta en Paitilla,Punta Paitilla,San Francisco,zone_raw_barrio_mapeado,"$1,485,000",1485000,False,,4,4,500,venta,inmopanama.com,2026-07-03 00:11:15
https://www.inmopanama.com/venta-de-apartamentos-nuevo-en-ocean-reef-islands_p-140884.htm,140884,Venta de Apartamentos nuevo en Ocean Reef Islands,Punta Pacifica,San Francisco,zone_raw_barrio_mapeado,"$3,410,300",3410300,False,,3,3,577,venta,inmopanama.com,2026-07-03 00:11:15
https://www.inmopanama.com/venta-de-apartamentos-nuevo-en-ocean-reef-islands_p-140885.htm,140885,Venta de Apartamentos nuevo en Ocean Reef Islands,Punta Pacifica,San Francisco,zone_raw_barrio_mapeado,"$2,450,400",2450400,False,,3,3,377,venta,inmopanama.com,2026-07-03 00:11:15
https://www.inmopanama.com/venta-de-apartamento-nuevo-en-punta-paitilla-san-francisco_p-140924.htm,140924,"Venta de apartamento nuevo en Punta Paitilla, San Francisco",Punta Paitilla,San Francisco,zone_raw_barrio_mapeado,"$2,752,000",2752000,False,,4,4,884,venta,inmopanama.com,2026-07-03 00:11:15
https://www.inmopanama.com/venta-de-apartamento-nuevo-en-punta-paitilla-san-francisco_p-140925.htm,140925,"Venta de apartamento nuevo en Punta Paitilla, San Francisco",Punta Paitilla,San Francisco,zone_raw_barrio_mapeado,"$1,064,784",1064784,False,,3,3,305,venta,inmopanama.com,2026-07-03 00:11:15
https://www.inmopanama.com/venta-de-apartamento-en-punta-paitilla_p-140926.htm,140926,Venta de Apartamento en Punta Paitilla,Punta Paitilla,San Francisco,zone_raw_barrio_mapeado,"$1,616,500",1616500,False,,4,4,442,venta,inmopanama.com,2026-07-03 00:11:15
https://www.inmopanama.com/venta-de-apartamento-en-coco-del-mar-san-francisco_p-140927.htm,140927,"Venta de apartamento en Coco del Mar, San Francisco",Coco Del Mar,San Francisco,zone_raw_barrio_mapeado,"$342,888",342888,False,,2,2,102,venta,inmopanama.com,2026-07-03 00:11:15
https://www.inmopanama.com/venta-de-apartamento-en-coco-del-mar-san-francisco_p-140928.htm,140928,"Venta de apartamento en Coco del Mar, San Francisco",Coco Del Mar,San Francisco,zone_raw_barrio_mapeado,"$349,373",349373,False,,2,2,104,venta,inmopanama.com,2026-07-03 00:11:15
https://www.inmopanama.com/venta-de-apartamento-en-coco-del-mar-san-francisco_p-140929.htm,140929,"Venta de apartamento en Coco del Mar, San Francisco",Coco Del Mar,San Francisco,zone_raw_barrio_mapeado,"$341,856",341856,False,,2,2,95,venta,inmopanama.com,2026-07-03 00:11:15
https://www.inmopanama.com/apartamento-atipico-en-venta-en-punta-pacifica_p-140930.htm,140930,Apartamento Atípico en Venta en Punta Pacífica,Punta Pacifica,San Francisco,zone_raw_barrio_mapeado,"$710,000",710000,False,,3,3,374,venta,inmopanama.com,2026-07-03 00:11:15
https://www.inmopanama.com/apartamento-nuevo-en-venta-coco-del-mar-san-francisco_p-140952.htm,140952,"Apartamento nuevo en venta Coco del Mar, San Francisco",Coco Del Mar,San Francisco,zone_raw_barrio_mapeado,"$415,000",415000,False,,3,3,122,venta,inmopanama.com,2026-07-03 00:11:15
https://www.inmopanama.com/apartamento-nuevo-en-venta-coco-del-mar-san-francisco_p-140955.htm,140955,"Apartamento nuevo en venta Coco del Mar, San Francisco",Coco Del Mar,San Francisco,zone_raw_barrio_mapeado,"$350,000",350000,False,,2,2,102,venta,inmopanama.com,2026-07-03 00:11:15
https://www.inmopanama.com/apartamento-nuevo-en-venta-punta-pacifica_p-140959.htm,140959,Apartamento nuevo en venta Punta Pacífica,Punta Pacifica,San Francisco,zone_raw_barrio_mapeado,"$1,106,450",1106450,False,,4,3,378,venta,inmopanama.com,2026-07-03 00:11:19
https://www.inmopanama.com/apartamento-nuevo-en-venta-punta-pacifica_p-140960.htm,140960,Apartamento nuevo en venta Punta Pacífica,Punta Pacifica,San Francisco,zone_raw_barrio_mapeado,"$1,178,775",1178775,False,,3,3,359,venta,inmopanama.com,2026-07-03 00:11:20
https://www.inmopanama.com/apartamento-nuevo-en-venta-punta-pacifica_p-140961.htm,140961,Apartamento nuevo en venta Punta Pacífica,Punta Pacifica,San Francisco,zone_raw_barrio_mapeado,"$1,203,275",1203275,False,,4,4,359,venta,inmopanama.com,2026-07-03 00:11:20
https://www.inmopanama.com/apartamento-a-la-venta-en-ocean-reef-punta-pacifica_p-140962.htm,140962,"Apartamento a la venta en Ocean Reef, Punta Pacífica",Punta Pacifica,San Francisco,zone_raw_barrio_mapeado,"$790,000",790000,False,,2,2,119,venta,inmopanama.com,2026-07-03 00:11:20
https://www.inmopanama.com/apartamento-en-venta-punta-pacifica_p-140963.htm,140963,Apartamento en venta Punta Pacífica,Punta Pacifica,San Francisco,zone_raw_barrio_mapeado,"$440,000",440000,False,,2,2,200,venta,inmopanama.com,2026-07-03 00:11:20
https://www.inmopanama.com/apartamento-en-venta-ubicado-en-punta-pacifica_p-140978.htm,140978,Apartamento en venta ubicado en Punta Pacífica,Punta Pacifica,San Francisco,zone_raw_barrio_mapeado,"$1,175,706",1175706,False,,4,4,559,venta,inmopanama.com,2026-07-03 00:11:20
https://www.inmopanama.com/apartamento-en-venta-ubicado-en-punta-pacifica_p-140979.htm,140979,Apartamento en venta ubicado en Punta Pacífica,Punta Pacifica,San Francisco,zone_raw_barrio_mapeado,"$633,882",633882,False,,3,3,363,venta,inmopanama.com,2026-07-03 00:11:20
https://www.inmopanama.com/apartamento-en-venta-ph-dovle-coco-del-mar_p-140986.htm,140986,"Apartamento en venta PH DOVLE, Coco del Mar",Coco Del Mar,San Francisco,zone_raw_barrio_mapeado,"$330,000",330000,False,,3,2,82,venta,inmopanama.com,2026-07-03 00:11:20
https://www.inmopanama.com/apartamento-en-venta-en-ph-the-residences-punta-pacifica_p-141001.htm,141001,"Apartamento en Venta en PH The Residences, Punta Pacífica",Punta Pacifica,San Francisco,zone_raw_barrio_mapeado,"$3,202,880",3202880,False,,4,4,1387,venta,inmopanama.com,2026-07-03 00:11:20
https://www.inmopanama.com/apartamento-en-venta-en-ph-the-residences-punta-pacifica_p-141002.htm,141002,"Apartamento en Venta en PH The Residences, Punta Pacífica",Punta Pacifica,San Francisco,zone_raw_barrio_mapeado,"$3,228,015",3228015,False,,4,4,1398,venta,inmopanama.com,2026-07-03 00:11:20
https://www.inmopanama.com/apartamento-en-venta-en-ph-the-residences-punta-pacifica_p-141003.htm,141003,"Apartamento en Venta en PH The Residences, Punta Pacífica",Punta Pacifica,San Francisco,zone_raw_barrio_mapeado,"$2,457,152",2457152,False,,4,4,767,venta,inmopanama.com,2026-07-03 00:11:20
https://www.inmopanama.com/apartamento-en-venta-en-ph-the-residences-punta-pacifica_p-141004.htm,141004,"Apartamento en Venta en PH The Residences, Punta Pacífica",Punta Pacifica,San Francisco,zone_raw_barrio_mapeado,"$1,325,000",1325000,False,,3,3,346,venta,inmopanama.com,2026-07-03 00:11:20
https://www.inmopanama.com/apartamento-en-venta-ph-dovle-coco-del-mar_p-141013.htm,141013,"Apartamento en venta PH DOVLE, Coco del Mar",Coco Del Mar,San Francisco,zone_raw_barrio_mapeado,"$280,000",280000,False,,2,2,65,venta,inmopanama.com,2026-07-03 00:11:20
https://www.inmopanama.com/venta-de-apartamento-en-ph-mar-del-sur-paitilla_p-141033.htm,141033,"Venta de apartamento en PH Mar del Sur, Paitilla",Punta Paitilla,San Francisco,zone_raw_barrio_mapeado,"$250,000",250000,False,,3,2,209,venta,inmopanama.com,2026-07-03 00:11:20
https://www.inmopanama.com/venta-de-apartamento-en-ph-mar-del-sur-paitilla_p-141034.htm,141034,"Venta de apartamento en PH Mar del Sur, Paitilla",Punta Paitilla,San Francisco,zone_raw_barrio_mapeado,"$280,000",280000,False,,3,2,209,venta,inmopanama.com,2026-07-03 00:11:21
https://www.inmopanama.com/venta-de-apartamento-en-ph-toc-punta-pacifica_p-141069.htm,141069,"Venta de Apartamento en PH TOC, Punta Pacífica",Punta Pacifica,San Francisco,zone_raw_barrio_mapeado,"$520,000",520000,False,,2,2,153,venta,inmopanama.com,2026-07-03 00:11:21
https://www.inmopanama.com/apartamento-en-venta-en-paitilla_p-141072.htm,141072,Apartamento en venta en Paitilla,Punta Paitilla,San Francisco,zone_raw_barrio_mapeado,"$1,505,000",1505000,False,,4,4,500,venta,inmopanama.com,2026-07-03 00:11:21
https://www.inmopanama.com/se-vende-apartamento-en-ocean-villas-ocean-reef-punta-pacifica_p-141076.htm,141076,"Se vende apartamento en Ocean Villas, Ocean Reef - Punta Pacífica",Punta Pacifica,San Francisco,zone_raw_barrio_mapeado,"$1,800,000",1800000,False,,4,4,482,venta,inmopanama.com,2026-07-03 00:11:21
https://www.inmopanama.com/venta-de-apartamento-en-punta-pacifica_p-141099.htm,141099,Venta de apartamento en Punta Pacífica,Punta Pacifica,San Francisco,zone_raw_barrio_mapeado,"$525,000",525000,False,,3,3,279,venta,inmopanama.com,2026-07-03 00:11:21
https://www.inmopanama.com/venta-de-apartamento-en-coco-del-mar-san-francisco_p-141152.htm,141152,"Venta de apartamento en Coco del Mar, San Francisco",Coco Del Mar,San Francisco,zone_raw_barrio_mapeado,"$449,000",449000,False,,3,3,164,venta,inmopanama.com,2026-07-03 00:11:21
https://www.inmopanama.com/venta-de-apartamento-en-punta-pacifica_p-141154.htm,141154,Venta de apartamento en Punta Pacífica,Punta Pacifica,San Francisco,zone_raw_barrio_mapeado,"$3,900,000",3900000,False,,4,4,1346,venta,inmopanama.com,2026-07-03 00:11:40
https://www.inmopanama.com/venta-de-apartamentos-en-coco-del-mar_p-141160.htm,141160,Venta de apartamentos en Coco del Mar,Coco Del Mar,San Francisco,zone_raw_barrio_mapeado,"$684,613",684613,False,,3,4,249,venta,inmopanama.com,2026-07-03 00:11:40
https://www.inmopanama.com/venta-de-apartamentos-en-coco-del-mar_p-141161.htm,141161,Venta de apartamentos en Coco del Mar,Coco Del Mar,San Francisco,zone_raw_barrio_mapeado,"$503,196",503196,False,,2,3,187,venta,inmopanama.com,2026-07-03 00:11:40
https://www.inmopanama.com/venta-de-apartamentos-en-coco-del-mar_p-141162.htm,141162,Venta de apartamentos en Coco del Mar,Coco Del Mar,San Francisco,zone_raw_barrio_mapeado,"$496,478",496478,False,,2,3,183,venta,inmopanama.com,2026-07-03 00:11:40
https://www.inmopanama.com/apartamentos-en-venta-en-coco-del-mar-panama_p-141171.htm,141171,"Apartamentos en venta en Coco del Mar, Panamá",Coco Del Mar,San Francisco,zone_raw_barrio_mapeado,"$221,000",221000,False,,2,2,79,venta,inmopanama.com,2026-07-03 00:11:41
https://www.inmopanama.com/se-vende-apartamento-en-el-venetian-tower_p-141181.htm,141181,Se vende Apartamento en el Venetian Tower,Punta Pacifica,San Francisco,zone_raw_barrio_mapeado,"$1,580,000",1580000,False,,4,4,525,venta,inmopanama.com,2026-07-03 00:11:41
https://www.inmopanama.com/se-vende-apartamento-en-punta-pacifica_p-141182.htm,141182,Se Vende Apartamento en Punta Pacífica,Punta Pacifica,San Francisco,zone_raw_barrio_mapeado,"$565,000",565000,False,,3,3,258,venta,inmopanama.com,2026-07-03 00:11:41
https://www.inmopanama.com/apartamento-en-venta-en-coco-del-mar-ciudad-de-panama_p-141234.htm,141234,"Apartamento en Venta en Coco del Mar, Ciudad de Panamá",Coco Del Mar,San Francisco,zone_raw_barrio_mapeado,"$613,970",613970,False,,3,4,175,venta,inmopanama.com,2026-07-03 00:11:41
https://www.inmopanama.com/apartamento-en-venta-en-coco-del-mar-ciudad-de-panama_p-141235.htm,141235,"Apartamento en Venta en Coco del Mar, Ciudad de Panamá",Coco Del Mar,San Francisco,zone_raw_barrio_mapeado,"$545,300",545300,False,,3,4,164,venta,inmopanama.com,2026-07-03 00:11:41
https://www.inmopanama.com/apartamento-en-venta-en-coco-del-mar-ciudad-de-panama_p-141237.htm,141237,"Apartamento en Venta en Coco del Mar, Ciudad de Panamá",Coco Del Mar,San Francisco,zone_raw_barrio_mapeado,"$499,930",499930,False,,3,4,183,venta,inmopanama.com,2026-07-03 00:11:41
https://www.inmopanama.com/apartamento-en-venta-en-punta-pacifica_p-141242.htm,141242,Apartamento en Venta en Punta Pacífica,Punta Pacifica,San Francisco,zone_raw_barrio_mapeado,"$656,232",656232,False,,3,2,165,venta,inmopanama.com,2026-07-03 00:11:41
https://www.inmopanama.com/apartamento-en-venta-en-punta-pacifica_p-141243.htm,141243,Apartamento en Venta en Punta Pacífica,Punta Pacifica,San Francisco,zone_raw_barrio_mapeado,"$473,728",473728,False,,3,2,115,venta,inmopanama.com,2026-07-03 00:11:41
https://www.inmopanama.com/apartamento-en-venta-en-punta-pacifica_p-141244.htm,141244,Apartamento en Venta en Punta Pacífica,Punta Pacifica,San Francisco,zone_raw_barrio_mapeado,"$1,283,467",1283467,False,,3,4,299,venta,inmopanama.com,2026-07-03 00:11:41
https://www.inmopanama.com/apartamento-en-venta-en-punta-pacifica_p-141245.htm,141245,Apartamento en Venta en Punta Pacífica,Punta Pacifica,San Francisco,zone_raw_barrio_mapeado,"$1,082,343",1082343,False,,3,4,273,venta,inmopanama.com,2026-07-03 00:11:41
https://www.inmopanama.com/apartamento-en-venta-punta-pacifica_p-141294.htm,141294,Apartamento en Venta Punta Pacífica,Punta Pacifica,San Francisco,zone_raw_barrio_mapeado,"$950,000",950000,False,,4,4,404,venta,inmopanama.com,2026-07-03 00:11:41
https://www.inmopanama.com/apartamento-en-venta-san-francisco_p-141310.htm,141310,Apartamento en venta San Francisco,Punta Paitilla,San Francisco,zone_raw_barrio_mapeado,"$1,250,000",1250000,False,,4,4,420,venta,inmopanama.com,2026-07-03 00:11:41
https://www.inmopanama.com/venta-de-apartamento-ocean-reef_p-141312.htm,141312,Venta de apartamento Ocean Reef,Punta Pacifica,San Francisco,zone_raw_barrio_mapeado,"$5,067,375",5067375,False,,4,4,675,venta,inmopanama.com,2026-07-03 00:11:42
https://www.inmopanama.com/venta-de-apartamento-ocean-reef_p-141313.htm,141313,Venta de apartamento Ocean Reef,Punta Pacifica,San Francisco,zone_raw_barrio_mapeado,"$2,322,375",2322375,False,,3,3,309,venta,inmopanama.com,2026-07-03 00:11:42
https://www.inmopanama.com/venta-de-apartamento-ocean-reef_p-141314.htm,141314,Venta de apartamento Ocean Reef,Punta Pacifica,San Francisco,zone_raw_barrio_mapeado,"$2,202,375",2202375,False,,3,3,293,venta,inmopanama.com,2026-07-03 00:11:42
https://www.inmopanama.com/venta-de-apartamento-ocean-reed-islands_p-141315.htm,141315,Venta de apartamento Ocean reed Islands,Punta Pacifica,San Francisco,zone_raw_barrio_mapeado,"$3,562,875",3562875,False,,4,4,475,venta,inmopanama.com,2026-07-03 00:11:42
https://www.inmopanama.com/venta-de-apartamento-nuevo-en-punta-paitilla-san-francisco_p-141328.htm,141328,"Venta de apartamento nuevo en Punta Paitilla, San Francisco",Punta Paitilla,San Francisco,zone_raw_barrio_mapeado,"$1,044,500",1044500,False,,3,3,320,venta,inmopanama.com,2026-07-03 00:11:46
https://www.inmopanama.com/apartamento-nuevo-en-venta-punta-pacifica_p-141329.htm,141329,Apartamento nuevo en venta Punta Pacífica,Punta Pacifica,San Francisco,zone_raw_barrio_mapeado,"$881,250",881250,False,,3,3,250,venta,inmopanama.com,2026-07-03 00:11:46
https://www.inmopanama.com/apartamento-nuevo-en-venta-punta-pacifica_p-141330.htm,141330,Apartamento nuevo en venta Punta Pacífica,Punta Pacifica,San Francisco,zone_raw_barrio_mapeado,"$1,685,275",1685275,False,,3,3,359,venta,inmopanama.com,2026-07-03 00:11:46
https://www.inmopanama.com/apartamento-nuevo-en-venta-coco-del-mar-san-francisco_p-141343.htm,141343,"Apartamento nuevo en venta Coco del Mar, San Francisco",Coco Del Mar,San Francisco,zone_raw_barrio_mapeado,"$340,000",340000,False,,2,2,95,venta,inmopanama.com,2026-07-03 00:11:46
https://www.inmopanama.com/apartamento-en-venta-punta-paitilla_p-141378.htm,141378,Apartamento en Venta Punta Paitilla,Punta Paitilla,San Francisco,zone_raw_barrio_mapeado,"$490,000",490000,False,,3,3,350,venta,inmopanama.com,2026-07-03 00:11:46
https://www.inmopanama.com/apartamento-en-venta-coco-del-mar_p-141386.htm,141386,Apartamento en Venta Coco del Mar,Coco Del Mar,San Francisco,zone_raw_barrio_mapeado,"$375,250",375250,False,,3,3,95,venta,inmopanama.com,2026-07-03 00:11:46
https://www.inmopanama.com/apartamento-en-venta-coco-del-mar_p-141387.htm,141387,Apartamento en Venta Coco del Mar,Coco Del Mar,San Francisco,zone_raw_barrio_mapeado,"$328,950",328950,False,,2,2,85,venta,inmopanama.com,2026-07-03 00:11:46
https://www.inmopanama.com/apartamento-en-venta-coco-del-mar_p-141388.htm,141388,Apartamento en Venta Coco del Mar,Coco Del Mar,San Francisco,zone_raw_barrio_mapeado,"$267,840",267840,False,,2,2,64,venta,inmopanama.com,2026-07-03 00:11:46
https://www.inmopanama.com/apartamento-en-venta-coco-del-mar_p-141389.htm,141389,Apartamento en Venta Coco del Mar,Coco Del Mar,San Francisco,zone_raw_barrio_mapeado,"$365,275",365275,False,,3,3,95,venta,inmopanama.com,2026-07-03 00:11:46
https://www.inmopanama.com/apartamento-en-venta-coco-del-mar_p-141390.htm,141390,Apartamento en Venta Coco del Mar,Coco Del Mar,San Francisco,zone_raw_barrio_mapeado,"$320,875",320875,False,,2,2,85,venta,inmopanama.com,2026-07-03 00:11:47
https://www.inmopanama.com/apartamento-en-venta-coco-del-mar_p-141391.htm,141391,Apartamento en Venta Coco del Mar,Coco Del Mar,San Francisco,zone_raw_barrio_mapeado,"$260,480",260480,False,,2,2,64,venta,inmopanama.com,2026-07-03 00:11:47
https://www.inmopanama.com/apartamento-en-venta-san-francisco_p-141443.htm,141443,Apartamento en Venta San Francisco,Punta Pacifica,San Francisco,zone_raw_barrio_mapeado,"$334,110",334110,False,,1,1,94,venta,inmopanama.com,2026-07-03 00:11:47
https://www.inmopanama.com/apartamento-en-venta-san-francisco_p-141444.htm,141444,Apartamento en Venta San Francisco,Punta Pacifica,San Francisco,zone_raw_barrio_mapeado,"$299,770",299770,False,,1,1,80,venta,inmopanama.com,2026-07-03 00:11:47
https://www.inmopanama.com/apartamento-en-venta-san-francisco_p-141445.htm,141445,Apartamento en Venta San Francisco,Punta Pacifica,San Francisco,zone_raw_barrio_mapeado,"$308,835",308835,False,,1,1,82,venta,inmopanama.com,2026-07-03 00:11:47
https://www.inmopanama.com/apartamento-en-venta-coco-del-mar_p-141482.htm,141482,Apartamento en Venta Coco del Mar,Coco Del Mar,San Francisco,zone_raw_barrio_mapeado,"$265,000",265000,False,,2,2,148,venta,inmopanama.com,2026-07-03 00:11:47
https://www.inmopanama.com/venta-de-amplio-apartamento-en-punta-paitilla_p-141556.htm,141556,Venta de amplio apartamento en Punta Paitilla,Punta Paitilla,San Francisco,zone_raw_barrio_mapeado,"$615,000",615000,False,,4,4,324,venta,inmopanama.com,2026-07-03 00:11:47
https://www.inmopanama.com/apartamentos-en-venta-punta-pacifica_p-141557.htm,141557,Apartamentos en Venta Punta Pacifica,Punta Pacifica,San Francisco,zone_raw_barrio_mapeado,"$483,980",483980,False,,2,2,138,venta,inmopanama.com,2026-07-03 00:11:47
https://www.inmopanama.com/apartamento-nuevo-en-venta-coco-del-mar-san-francisco_p-141591.htm,141591,"Apartamento nuevo en venta Coco del Mar, San Francisco",Coco Del Mar,San Francisco,zone_raw_barrio_mapeado,"$330,000",330000,False,,2,2,95,venta,inmopanama.com,2026-07-03 00:11:47
https://www.inmopanama.com/apartamento-en-venta-coco-del-mar-ciudad-de-panama_p-141603.htm,141603,"Apartamento en Venta Coco del Mar, Ciudad de Panamá",Coco Del Mar,San Francisco,zone_raw_barrio_mapeado,"$590,000",590000,False,,3,3,173,venta,inmopanama.com,2026-07-03 00:11:47
https://www.inmopanama.com/apartamento-en-venta-coco-del-mar-ciudad-de-panama_p-141604.htm,141604,"Apartamento en Venta  Coco del Mar, Ciudad de Panamá",Coco Del Mar,San Francisco,zone_raw_barrio_mapeado,"$600,000",600000,False,,3,3,173,venta,inmopanama.com,2026-07-03 00:11:47
https://www.inmopanama.com/venta-de-apartamento-en-coco-del-mar_p-141605.htm,141605,Venta de Apartamento en Coco del Mar,Coco Del Mar,San Francisco,zone_raw_barrio_mapeado,"$629,000",629000,False,,2,2,173,venta,inmopanama.com,2026-07-03 00:12:16
https://www.inmopanama.com/apartamento-en-venta-punta-paitilla_p-141608.htm,141608,Apartamento en Venta  Punta Paitilla,Punta Paitilla,San Francisco,zone_raw_barrio_mapeado,"$1,150,000",1150000,False,,4,4,500,venta,inmopanama.com,2026-07-03 00:12:16
https://www.inmopanama.com/venta-de-apartamento-en-coco-del-mar-san-francisco_p-141618.htm,141618,"Venta de apartamento en Coco del Mar, San Francisco",Coco Del Mar,San Francisco,zone_raw_barrio_mapeado,"$269,730",269730,False,,1,1,74,venta,inmopanama.com,2026-07-03 00:12:16
https://www.inmopanama.com/apartamento-en-venta-en-punta-paitilla_p-141636.htm,141636,Apartamento en Venta en Punta Paitilla,Punta Paitilla,San Francisco,zone_raw_barrio_mapeado,"$345,000",345000,False,,3,3,298,venta,inmopanama.com,2026-07-03 00:12:16
https://www.inmopanama.com/apartamento-en-venta-en-punta-pacifica-panama_p-141647.htm,141647,"Apartamento en Venta en Punta Pacífica, Panamá",Punta Pacifica,San Francisco,zone_raw_barrio_mapeado,"$1,800,000",1800000,False,,3,3,540,venta,inmopanama.com,2026-07-03 00:12:16
https://www.inmopanama.com/venta-de-apartamento-en-punta-paitillla_p-141704.htm,141704,Venta de apartamento en Punta Paitillla,Punta Paitilla,San Francisco,zone_raw_barrio_mapeado,"$323,555",323555,False,,2,3,120,venta,inmopanama.com,2026-07-03 00:12:16
https://www.inmopanama.com/venta-de-apartamento-en-punta-paitillla_p-141705.htm,141705,Venta de apartamento en Punta Paitillla,Punta Paitilla,San Francisco,zone_raw_barrio_mapeado,"$440,000",440000,False,,1,2,116,venta,inmopanama.com,2026-07-03 00:12:16
https://www.inmopanama.com/venta-de-apartamento-en-punta-paitillla_p-141706.htm,141706,Venta de apartamento en Punta Paitillla,Punta Paitilla,San Francisco,zone_raw_barrio_mapeado,"$439,000",439000,False,,2,3,110,venta,inmopanama.com,2026-07-03 00:12:16
https://www.inmopanama.com/venta-de-apartamento-en-punta-paitillla_p-141707.htm,141707,Venta de apartamento en Punta Paitillla,Punta Paitilla,San Francisco,zone_raw_barrio_mapeado,"$364,000",364000,False,,1,2,74,venta,inmopanama.com,2026-07-03 00:12:16
https://www.inmopanama.com/venta-de-apartamento-en-punta-paitillla_p-141708.htm,141708,Venta de apartamento en Punta Paitillla,Punta Paitilla,San Francisco,zone_raw_barrio_mapeado,"$517,980",517980,False,,1,3,160,venta,inmopanama.com,2026-07-03 00:12:16
https://www.inmopanama.com/apartamento-en-venta-en-punta-paitilla_p-141714.htm,141714,Apartamento en venta en Punta Paitilla,Punta Paitilla,San Francisco,zone_raw_barrio_mapeado,"$615,000",615000,False,,4,4,531,venta,inmopanama.com,2026-07-03 00:12:16
https://www.inmopanama.com/apartamento-en-venta-punta-pacifica_p-141726.htm,141726,Apartamento en Venta  Punta Pacífica,Punta Pacifica,San Francisco,zone_raw_barrio_mapeado,"$450,000",450000,False,,2,2,153,venta,inmopanama.com,2026-07-03 00:12:16
https://www.inmopanama.com/venta-de-penthouse-en-punta-pacifica_p-141735.htm,141735,Venta de Penthouse en Punta Pacífica,Punta Pacifica,San Francisco,zone_raw_barrio_mapeado,"$790,000",790000,False,,4,4,438,venta,inmopanama.com,2026-07-03 00:12:16
https://www.inmopanama.com/venta-de-apartamento-en-punta-pacifica_p-141760.htm,141760,Venta de Apartamento en Punta Pacífica,Punta Pacifica,San Francisco,zone_raw_barrio_mapeado,"$310,800",310800,False,,1,1,67,venta,inmopanama.com,2026-07-03 00:12:17
https://www.inmopanama.com/venta-de-apartamento-en-punta-pacifica_p-141761.htm,141761,Venta de Apartamento en Punta Pacífica,Punta Pacifica,San Francisco,zone_raw_barrio_mapeado,"$233,500",233500,False,,1,1,50,venta,inmopanama.com,2026-07-03 00:12:17
https://www.inmopanama.com/venta-de-apartamento-en-punta-pacifica_p-141762.htm,141762,Venta de Apartamento en Punta Pacífica,Punta Pacifica,San Francisco,zone_raw_barrio_mapeado,"$125,000",125000,False,,1,1,25,venta,inmopanama.com,2026-07-03 00:12:17
https://www.inmopanama.com/apartamento-penthouse-en-venta-punta-paitilla_p-141769.htm,141769,Apartamento (Penthouse) en venta - Punta Paitilla,Punta Paitilla,San Francisco,zone_raw_barrio_mapeado,"$1,532,600",1532600,False,,5,5,565,venta,inmopanama.com,2026-07-03 00:12:17
https://www.inmopanama.com/apartamento-penthouse-en-venta-punta-paitilla_p-141770.htm,141770,Apartamento (Penthouse) en venta - Punta Paitilla,Punta Paitilla,San Francisco,zone_raw_barrio_mapeado,"$1,149,750",1149750,False,,4,4,420,venta,inmopanama.com,2026-07-03 00:12:17
https://www.inmopanama.com/apartamento-penthouse-en-venta-punta-paitilla_p-141771.htm,141771,Apartamento (Penthouse) en venta - Punta Paitilla,Punta Paitilla,San Francisco,zone_raw_barrio_mapeado,"$913,400",913400,False,,3,3,320,venta,inmopanama.com,2026-07-03 00:12:17
https://www.inmopanama.com/apartamento-en-venta-en-punta-paitilla_p-141780.htm,141780,Apartamento en Venta en Punta Paitilla,Punta Paitilla,San Francisco,zone_raw_barrio_mapeado,"$795,221",795221,False,,4,4,307,venta,inmopanama.com,2026-07-03 00:12:17
https://www.inmopanama.com/apartamento-en-venta-en-punta-paitilla_p-141781.htm,141781,Apartamento en Venta en Punta Paitilla,Punta Paitilla,San Francisco,zone_raw_barrio_mapeado,"$454,500",454500,False,,3,3,177,venta,inmopanama.com,2026-07-03 00:12:21
https://www.inmopanama.com/apartamento-en-venta-en-ocean-reef-islands-ciudad-de-panama_p-141794.htm,141794,"Apartamento en Venta en Ocean Reef Islands, Ciudad de Panamá",Punta Pacifica,San Francisco,zone_raw_barrio_mapeado,"$1,057,143",1057143,False,,2,2,183,venta,inmopanama.com,2026-07-03 00:12:21
https://www.inmopanama.com/apartamento-en-venta-en-ocean-reef-islands-ciudad-de-panama_p-141795.htm,141795,"Apartamento en Venta en Ocean Reef Islands, Ciudad de Panamá",Punta Pacifica,San Francisco,zone_raw_barrio_mapeado,"$1,639,000",1639000,False,,3,3,227,venta,inmopanama.com,2026-07-03 00:12:21
https://www.inmopanama.com/apartamento-en-venta-en-ocean-reef-islands_p-141796.htm,141796,Apartamento en Venta en Ocean Reef Islands,Punta Pacifica,San Francisco,zone_raw_barrio_mapeado,"$2,100,000",2100000,False,,3,3,249,venta,inmopanama.com,2026-07-03 00:12:21
https://www.inmopanama.com/apartamento-en-venta-en-ocean-reef-islands_p-141797.htm,141797,Apartamento en Venta en Ocean Reef Islands,Punta Pacifica,San Francisco,zone_raw_barrio_mapeado,"$1,800,000",1800000,False,,3,3,249,venta,inmopanama.com,2026-07-03 00:12:22
https://www.inmopanama.com/venta-de-apartamento-en-ocean-reef-islands_p-141798.htm,141798,Venta de Apartamento en Ocean Reef Islands,Punta Pacifica,San Francisco,zone_raw_barrio_mapeado,"$1,450,000",1450000,False,,3,3,242,venta,inmopanama.com,2026-07-03 00:12:22
https://www.inmopanama.com/venta-de-apartamento-en-ocean-reef-islands-punta-pacifica_p-141799.htm,141799,"Venta de Apartamento en Ocean Reef Islands, Punta Pacífica",Punta Pacifica,San Francisco,zone_raw_barrio_mapeado,"$765,000",765000,False,,2,2,141,venta,inmopanama.com,2026-07-03 00:12:22
https://www.inmopanama.com/venta-de-apartamento-en-coco-del-mar-san-francisco_p-141834.htm,141834,"Venta de apartamento en Coco del Mar, San Francisco",Coco Del Mar,San Francisco,zone_raw_barrio_mapeado,"$550,000",550000,False,,3,3,150,venta,inmopanama.com,2026-07-03 00:12:22
https://www.inmopanama.com/venta-de-apartamento-en-coco-del-mar-san-francisco_p-141835.htm,141835,"Venta de apartamento en Coco del Mar, San Francisco",Coco Del Mar,San Francisco,zone_raw_barrio_mapeado,"$342,000",342000,False,,2,2,102,venta,inmopanama.com,2026-07-03 00:12:22
https://www.inmopanama.com/venta-de-apartamento-en-coco-del-mar-san-francisco_p-141836.htm,141836,"Venta de apartamento en Coco del Mar, San Francisco",Coco Del Mar,San Francisco,zone_raw_barrio_mapeado,"$270,000",270000,False,,1,2,73,venta,inmopanama.com,2026-07-03 00:12:22
https://www.inmopanama.com/venta-de-apartamento-frente-al-mar-en-punta-pacifica_p-141865.htm,141865,Venta de Apartamento Frente al Mar en Punta Pacífica,Punta Pacifica,San Francisco,zone_raw_barrio_mapeado,"$480,000",480000,False,,2,2,191,venta,inmopanama.com,2026-07-03 00:12:22
https://www.inmopanama.com/venta-de-apartamento-en-punta-pacifica_p-141880.htm,141880,Venta de Apartamento en Punta Pacífica,Punta Pacifica,San Francisco,zone_raw_barrio_mapeado,"$540,000",540000,False,,2,2,208,venta,inmopanama.com,2026-07-03 00:12:22
https://www.inmopanama.com/venta-de-apartamento-en-ocean-reef-island-ii_p-141884.htm,141884,Venta de Apartamento en Ocean Reef Island II,Punta Pacifica,San Francisco,zone_raw_barrio_mapeado,"$1,500,000",1500000,False,,4,4,244,venta,inmopanama.com,2026-07-03 00:12:22
https://www.inmopanama.com/apartamento-en-venta-ocean-reef-islands-punta-pacifica_p-141888.htm,141888,"Apartamento en Venta Ocean Reef Islands, Punta Pacífica",Punta Pacifica,San Francisco,zone_raw_barrio_mapeado,"$1,409,412",1409412,False,,2,2,239,venta,inmopanama.com,2026-07-03 00:12:22
https://www.inmopanama.com/venta-de-apartamento-en-ocean-reef-islands_p-141897.htm,141897,Venta de Apartamento en Ocean Reef Islands,Punta Pacifica,San Francisco,zone_raw_barrio_mapeado,"$1,354,288",1354288,False,,2,2,198,venta,inmopanama.com,2026-07-03 00:12:22
https://www.inmopanama.com/venta-de-apartamentos-en-ocean-reef-islands_p-141898.htm,141898,Venta de Apartamentos en Ocean Reef Islands,Punta Pacifica,San Francisco,zone_raw_barrio_mapeado,"$1,230,000",1230000,False,,2,2,169,venta,inmopanama.com,2026-07-03 00:12:22
https://www.inmopanama.com/apartamento-loft-en-venta-punta-pacifica_p-141936.htm,141936,Apartamento Loft en venta Punta Pacífica,Punta Pacifica,San Francisco,zone_raw_barrio_mapeado,"$365,000",365000,False,,1,1,167,venta,inmopanama.com,2026-07-03 00:12:22
https://www.inmopanama.com/apartamento-en-venta-en-paitilla_p-141942.htm,141942,Apartamento en venta en Paitilla,Punta Paitilla,San Francisco,zone_raw_barrio_mapeado,"$1,400,000",1400000,False,,4,4,500,venta,inmopanama.com,2026-07-03 00:12:23
https://www.inmopanama.com/apartamento-en-venta-punta-pacifica_p-141960.htm,141960,"Apartamento en venta, Punta Pacífica",Punta Pacifica,San Francisco,zone_raw_barrio_mapeado,"$495,000",495000,False,,2,3,195,venta,inmopanama.com,2026-07-03 00:12:23
https://www.inmopanama.com/apartamento-en-venta-ocean-terrace-residences-ocean-reef-islands_p-141994.htm,141994,Apartamento en venta Ocean Terrace Residences  Ocean Reef Islands,Punta Pacifica,San Francisco,zone_raw_barrio_mapeado,"$2,535,121",2535121,False,,4,4,530,venta,inmopanama.com,2026-07-03 00:12:23
https://www.inmopanama.com/venta-de-apartamento-en-ocean-reef-islands_p-141996.htm,141996,Venta de Apartamento en Ocean Reef Islands,Punta Pacifica,San Francisco,zone_raw_barrio_mapeado,"$1,346,794",1346794,False,,2,2,216,venta,inmopanama.com,2026-07-03 00:12:32
https://www.inmopanama.com/en-venta-apartamento-en-ph-garden-ocean-reef_p-142072.htm,142072,"En venta apartamento en PH Garden, Ocean Reef",Punta Pacifica,San Francisco,zone_raw_barrio_mapeado,"$2,500,000",2500000,False,,4,3,375,venta,inmopanama.com,2026-07-03 00:12:32
https://www.inmopanama.com/venta-de-apartamento-de-lujo-en-punta-pacifica_p-142079.htm,142079,Venta de Apartamento de Lujo en Punta Pacífica,Punta Pacifica,San Francisco,zone_raw_barrio_mapeado,"$750,000",750000,False,,3,3,288,venta,inmopanama.com,2026-07-03 00:12:32
https://www.inmopanama.com/apartamento-en-venta-en-paitilla_p-142081.htm,142081,Apartamento en venta en Paitilla,Punta Paitilla,San Francisco,zone_raw_barrio_mapeado,"$1,485,000",1485000,False,,4,4,500,venta,inmopanama.com,2026-07-03 00:12:32
https://www.inmopanama.com/venta-de-apartamentos-nuevo-en-ocean-reef-islands_p-142099.htm,142099,Venta de Apartamentos nuevo en Ocean Reef Islands,Punta Pacifica,San Francisco,zone_raw_barrio_mapeado,"$3,410,300",3410300,False,,3,3,577,venta,inmopanama.com,2026-07-03 00:12:32
https://www.inmopanama.com/venta-de-apartamentos-nuevo-en-ocean-reef-islands_p-142100.htm,142100,Venta de Apartamentos nuevo en Ocean Reef Islands,Punta Pacifica,San Francisco,zone_raw_barrio_mapeado,"$2,450,400",2450400,False,,3,3,377,venta,inmopanama.com,2026-07-03 00:12:32
https://www.inmopanama.com/venta-de-apartamento-nuevo-en-punta-paitilla-san-francisco_p-142139.htm,142139,"Venta de apartamento nuevo en Punta Paitilla, San Francisco",Punta Paitilla,San Francisco,zone_raw_barrio_mapeado,"$2,752,000",2752000,False,,4,4,884,venta,inmopanama.com,2026-07-03 00:12:32
https://www.inmopanama.com/venta-de-apartamento-nuevo-en-punta-paitilla-san-francisco_p-142140.htm,142140,"Venta de apartamento nuevo en Punta Paitilla, San Francisco",Punta Paitilla,San Francisco,zone_raw_barrio_mapeado,"$1,064,784",1064784,False,,3,3,305,venta,inmopanama.com,2026-07-03 00:12:32
https://www.inmopanama.com/venta-de-apartamento-en-punta-paitilla_p-142141.htm,142141,Venta de Apartamento en Punta Paitilla,Punta Paitilla,San Francisco,zone_raw_barrio_mapeado,"$1,616,500",1616500,False,,4,4,442,venta,inmopanama.com,2026-07-03 00:12:32
https://www.inmopanama.com/venta-de-apartamento-en-coco-del-mar-san-francisco_p-142142.htm,142142,"Venta de apartamento en Coco del Mar, San Francisco",Coco Del Mar,San Francisco,zone_raw_barrio_mapeado,"$342,888",342888,False,,2,2,102,venta,inmopanama.com,2026-07-03 00:12:32
https://www.inmopanama.com/venta-de-apartamento-en-coco-del-mar-san-francisco_p-142143.htm,142143,"Venta de apartamento en Coco del Mar, San Francisco",Coco Del Mar,San Francisco,zone_raw_barrio_mapeado,"$349,373",349373,False,,2,2,104,venta,inmopanama.com,2026-07-03 00:12:32
https://www.inmopanama.com/venta-de-apartamento-en-coco-del-mar-san-francisco_p-142144.htm,142144,"Venta de apartamento en Coco del Mar, San Francisco",Coco Del Mar,San Francisco,zone_raw_barrio_mapeado,"$341,856",341856,False,,2,2,95,venta,inmopanama.com,2026-07-03 00:12:32
https://www.inmopanama.com/apartamento-atipico-en-venta-en-punta-pacifica_p-142145.htm,142145,Apartamento Atípico en Venta en Punta Pacífica,Punta Pacifica,San Francisco,zone_raw_barrio_mapeado,"$710,000",710000,False,,3,3,374,venta,inmopanama.com,2026-07-03 00:12:32
https://www.inmopanama.com/apartamentos-nuevos-en-venta-punta-pacifica_p-142151.htm,142151,Apartamentos nuevos en venta Punta Pacífica,Punta Pacifica,San Francisco,zone_raw_barrio_mapeado,"$436,000",436000,False,,3,2,106,venta,inmopanama.com,2026-07-03 00:12:33
https://www.inmopanama.com/apartamentos-nuevos-en-venta-punta-pacifica_p-142152.htm,142152,Apartamentos nuevos en venta Punta Pacífica,Punta Pacifica,San Francisco,zone_raw_barrio_mapeado,"$1,275,000",1275000,False,,3,3,299,venta,inmopanama.com,2026-07-03 00:12:33
https://www.inmopanama.com/apartamento-nuevo-en-venta-coco-del-mar-san-francisco_p-142171.htm,142171,"Apartamento nuevo en venta Coco del Mar, San Francisco",Coco Del Mar,San Francisco,zone_raw_barrio_mapeado,"$415,000",415000,False,,3,3,122,venta,inmopanama.com,2026-07-03 00:12:33
https://www.inmopanama.com/apartamento-nuevo-en-venta-coco-del-mar-san-francisco_p-142172.htm,142172,"Apartamento nuevo en venta Coco del Mar, San Francisco",Coco Del Mar,San Francisco,zone_raw_barrio_mapeado,"$350,000",350000,False,,2,2,102,venta,inmopanama.com,2026-07-03 00:12:33
https://www.inmopanama.com/apartamento-nuevo-en-venta-punta-pacifica_p-142177.htm,142177,Apartamento nuevo en venta Punta Pacífica,Punta Pacifica,San Francisco,zone_raw_barrio_mapeado,"$1,106,450",1106450,False,,4,3,378,venta,inmopanama.com,2026-07-03 00:12:33
https://www.inmopanama.com/apartamento-nuevo-en-venta-punta-pacifica_p-142178.htm,142178,Apartamento nuevo en venta Punta Pacífica,Punta Pacifica,San Francisco,zone_raw_barrio_mapeado,"$1,178,775",1178775,False,,3,3,359,venta,inmopanama.com,2026-07-03 00:12:33
https://www.inmopanama.com/apartamento-nuevo-en-venta-punta-pacifica_p-142179.htm,142179,Apartamento nuevo en venta Punta Pacífica,Punta Pacifica,San Francisco,zone_raw_barrio_mapeado,"$1,203,275",1203275,False,,4,4,359,venta,inmopanama.com,2026-07-03 00:12:33
https://www.inmopanama.com/apartamento-a-la-venta-en-ocean-reef-punta-pacifica_p-142180.htm,142180,"Apartamento a la venta en Ocean Reef, Punta Pacífica",Punta Pacifica,San Francisco,zone_raw_barrio_mapeado,"$790,000",790000,False,,2,2,119,venta,inmopanama.com,2026-07-03 00:12:37
https://www.inmopanama.com/apartamento-en-venta-punta-pacifica_p-142183.htm,142183,Apartamento en venta Punta Pacífica,Punta Pacifica,San Francisco,zone_raw_barrio_mapeado,"$440,000",440000,False,,2,2,200,venta,inmopanama.com,2026-07-03 00:12:37
https://www.inmopanama.com/venta-de-apartamento-en-coco-del-mar-san-francisco_p-142191.htm,142191,"Venta de Apartamento en Coco del Mar, San Francisco",Coco Del Mar,San Francisco,zone_raw_barrio_mapeado,"$419,000",419000,False,,2,2,119,venta,inmopanama.com,2026-07-03 00:12:37
https://www.inmopanama.com/venta-de-apartamento-en-coco-del-mar-san-francisco_p-142192.htm,142192,"Venta de Apartamento en Coco del Mar, San Francisco",Coco Del Mar,San Francisco,zone_raw_barrio_mapeado,"$357,850",357850,False,,2,2,90,venta,inmopanama.com,2026-07-03 00:12:37
https://www.inmopanama.com/apartamento-en-venta-ubicado-en-punta-pacifica_p-142198.htm,142198,Apartamento en venta ubicado en Punta Pacífica,Punta Pacifica,San Francisco,zone_raw_barrio_mapeado,"$1,175,706",1175706,False,,4,4,559,venta,inmopanama.com,2026-07-03 00:12:37
https://www.inmopanama.com/apartamento-en-venta-ubicado-en-punta-pacifica_p-142199.htm,142199,Apartamento en venta ubicado en Punta Pacífica,Punta Pacifica,San Francisco,zone_raw_barrio_mapeado,"$633,882",633882,False,,3,3,363,venta,inmopanama.com,2026-07-03 00:12:37
https://www.inmopanama.com/apartamento-en-venta-ph-dovle-coco-del-mar_p-142206.htm,142206,"Apartamento en venta PH DOVLE, Coco del Mar",Coco Del Mar,San Francisco,zone_raw_barrio_mapeado,"$330,000",330000,False,,3,2,82,venta,inmopanama.com,2026-07-03 00:12:37
https://www.inmopanama.com/apartamento-en-venta-en-ph-the-residences-punta-pacifica_p-142221.htm,142221,"Apartamento en Venta en PH The Residences, Punta Pacífica",Punta Pacifica,San Francisco,zone_raw_barrio_mapeado,"$3,202,880",3202880,False,,4,4,1387,venta,inmopanama.com,2026-07-03 00:12:38
https://www.inmopanama.com/apartamento-en-venta-en-ph-the-residences-punta-pacifica_p-142222.htm,142222,"Apartamento en Venta en PH The Residences, Punta Pacífica",Punta Pacifica,San Francisco,zone_raw_barrio_mapeado,"$3,228,015",3228015,False,,4,4,1398,venta,inmopanama.com,2026-07-03 00:12:38
https://www.inmopanama.com/apartamento-en-venta-en-ph-the-residences-punta-pacifica_p-142223.htm,142223,"Apartamento en Venta en PH The Residences, Punta Pacífica",Punta Pacifica,San Francisco,zone_raw_barrio_mapeado,"$2,457,152",2457152,False,,4,4,767,venta,inmopanama.com,2026-07-03 00:12:38
https://www.inmopanama.com/apartamento-en-venta-en-ph-the-residences-punta-pacifica_p-142224.htm,142224,"Apartamento en Venta en PH The Residences, Punta Pacífica",Punta Pacifica,San Francisco,zone_raw_barrio_mapeado,"$1,325,000",1325000,False,,3,3,346,venta,inmopanama.com,2026-07-03 00:12:38
https://www.inmopanama.com/apartamento-en-venta-ph-dovle-coco-del-mar_p-142234.htm,142234,"Apartamento en venta PH DOVLE, Coco del Mar",Coco Del Mar,San Francisco,zone_raw_barrio_mapeado,"$280,000",280000,False,,2,2,65,venta,inmopanama.com,2026-07-03 00:12:38
https://www.inmopanama.com/venta-de-apartamento-en-ph-mar-del-sur-paitilla_p-142254.htm,142254,"Venta de apartamento en PH Mar del Sur, Paitilla",Punta Paitilla,San Francisco,zone_raw_barrio_mapeado,"$250,000",250000,False,,3,2,209,venta,inmopanama.com,2026-07-03 00:12:38
https://www.inmopanama.com/venta-de-apartamento-en-ph-mar-del-sur-paitilla_p-142255.htm,142255,"Venta de apartamento en PH Mar del Sur, Paitilla",Punta Paitilla,San Francisco,zone_raw_barrio_mapeado,"$280,000",280000,False,,3,2,209,venta,inmopanama.com,2026-07-03 00:12:38
https://www.inmopanama.com/venta-de-apartamento-en-ph-toc-punta-pacifica_p-142291.htm,142291,"Venta de Apartamento en PH TOC, Punta Pacífica",Punta Pacifica,San Francisco,zone_raw_barrio_mapeado,"$520,000",520000,False,,2,2,153,venta,inmopanama.com,2026-07-03 00:12:38
https://www.inmopanama.com/apartamento-en-venta-en-paitilla_p-142294.htm,142294,Apartamento en venta en Paitilla,Punta Paitilla,San Francisco,zone_raw_barrio_mapeado,"$1,505,000",1505000,False,,4,4,500,venta,inmopanama.com,2026-07-03 00:12:38
https://www.inmopanama.com/se-vende-apartamento-en-ocean-villas-ocean-reef-punta-pacifica_p-142298.htm,142298,"Se vende apartamento en Ocean Villas, Ocean Reef - Punta Pacífica",Punta Pacifica,San Francisco,zone_raw_barrio_mapeado,"$1,800,000",1800000,False,,4,4,482,venta,inmopanama.com,2026-07-03 00:12:38
https://www.inmopanama.com/venta-de-apartamento-en-punta-pacifica_p-142321.htm,142321,Venta de apartamento en Punta Pacífica,Punta Pacifica,San Francisco,zone_raw_barrio_mapeado,"$525,000",525000,False,,3,3,279,venta,inmopanama.com,2026-07-03 00:12:38
https://www.inmopanama.com/venta-de-apartamento-en-coco-del-mar-san-francisco_p-142374.htm,142374,"Venta de apartamento en Coco del Mar, San Francisco",Coco Del Mar,San Francisco,zone_raw_barrio_mapeado,"$449,000",449000,False,,3,3,164,venta,inmopanama.com,2026-07-03 00:12:38
https://www.inmopanama.com/venta-de-apartamento-en-punta-pacifica_p-142376.htm,142376,Venta de apartamento en Punta Pacífica,Punta Pacifica,San Francisco,zone_raw_barrio_mapeado,"$3,900,000",3900000,False,,4,4,1346,venta,inmopanama.com,2026-07-03 00:12:39
https://www.inmopanama.com/venta-de-apartamentos-en-coco-del-mar_p-142382.htm,142382,Venta de apartamentos en Coco del Mar,Coco Del Mar,San Francisco,zone_raw_barrio_mapeado,"$684,613",684613,False,,3,4,249,venta,inmopanama.com,2026-07-03 00:12:42
https://www.inmopanama.com/venta-de-apartamentos-en-coco-del-mar_p-142383.htm,142383,Venta de apartamentos en Coco del Mar,Coco Del Mar,San Francisco,zone_raw_barrio_mapeado,"$503,196",503196,False,,2,3,187,venta,inmopanama.com,2026-07-03 00:12:43
https://www.inmopanama.com/venta-de-apartamentos-en-coco-del-mar_p-142384.htm,142384,Venta de apartamentos en Coco del Mar,Coco Del Mar,San Francisco,zone_raw_barrio_mapeado,"$496,478",496478,False,,2,3,183,venta,inmopanama.com,2026-07-03 00:12:43
https://www.inmopanama.com/apartamentos-en-venta-en-coco-del-mar-panama_p-142393.htm,142393,"Apartamentos en venta en Coco del Mar, Panamá",Coco Del Mar,San Francisco,zone_raw_barrio_mapeado,"$221,000",221000,False,,2,2,79,venta,inmopanama.com,2026-07-03 00:12:43
https://www.inmopanama.com/se-vende-apartamento-en-el-venetian-tower_p-142403.htm,142403,Se vende Apartamento en el Venetian Tower,Punta Pacifica,San Francisco,zone_raw_barrio_mapeado,"$1,580,000",1580000,False,,4,4,525,venta,inmopanama.com,2026-07-03 00:12:43
https://www.inmopanama.com/se-vende-apartamento-en-punta-pacifica_p-142404.htm,142404,Se Vende Apartamento en Punta Pacífica,Punta Pacifica,San Francisco,zone_raw_barrio_mapeado,"$565,000",565000,False,,3,3,258,venta,inmopanama.com,2026-07-03 00:12:43
https://www.inmopanama.com/se-vende-pent-house-en-punta-paitilla_p-142405.htm,142405,Se vende pent-house en Punta Paitilla,Punta Paitilla,San Francisco,zone_raw_barrio_mapeado,"$428,000",428000,False,,3,3,390,venta,inmopanama.com,2026-07-03 00:12:43
https://www.inmopanama.com/apartamento-en-venta-en-coco-del-mar_p-142478.htm,142478,Apartamento en Venta en Coco del Mar,Coco Del Mar,San Francisco,zone_raw_barrio_mapeado,"$398,800",398800,False,,3,2,117,venta,inmopanama.com,2026-07-03 00:12:43
https://www.inmopanama.com/apartamento-en-venta-en-coco-del-mar_p-142479.htm,142479,Apartamento en Venta en Coco del Mar,Coco Del Mar,San Francisco,zone_raw_barrio_mapeado,"$290,020",290020,False,,2,2,85,venta,inmopanama.com,2026-07-03 00:12:43
https://www.inmopanama.com/apartamento-en-venta-en-paitilla-320-m2_p-143438.htm,143438,"Apartamento en Venta en Paitilla, 320 m2",Punta Paitilla,San Francisco,zone_raw_barrio_mapeado,"$930,000",930000,False,,3,3,320,venta,inmopanama.com,2026-07-03 00:12:43
https://www.inmopanama.com/espectacular-amoblado-en-ocean-drive-punta-pacifica-222-m-vista-al-mar_p-143452.htm,143452,"Espectacular Amoblado en Ocean Drive, Punta Pacífica  222 m² Vista al...",Punta Pacifica,San Francisco,zone_raw_barrio_mapeado,"$500,000",500000,False,,3,3,222,venta,inmopanama.com,2026-07-03 00:12:43
https://www.inmopanama.com/apartamento-en-venta-ph-bahia-azul_p-143425.htm,143425,Apartamento en venta - PH Bahia Azul,San Francisco,San Francisco,zone_raw,"$215,000",215000,False,,3,3,175,venta,inmopanama.com,2026-07-03 00:12:43
https://www.inmopanama.com/mantra-punta-pacifica-exclusivo-apartamento-con-vista-al-mar_p-143391.htm,143391,Mantra Punta Pacífica: Exclusivo Apartamento con Vista al Mar,Punta Pacifica,San Francisco,zone_raw_barrio_mapeado,"$264,700",264700,False,,1,1,48,venta,inmopanama.com,2026-07-03 00:12:43
https://www.inmopanama.com/vendo-apartamento-en-ph-tao-tower_p-143323.htm,143323,Vendo apartamento en PH Tao Tower,San Francisco,San Francisco,zone_raw,"$315,000",315000,False,,3,4,205,venta,inmopanama.com,2026-07-03 00:12:43
https://www.inmopanama.com/mantra-punta-pacifica-apartamento-de-lujo-con-vista-a-la-ciudad-45-01-m2_p-143332.htm,143332,"Mantra Punta Pacífica: Apartamento de Lujo con Vista a la Ciudad, 45.0...",Punta Pacifica,San Francisco,zone_raw_barrio_mapeado,"$246,500",246500,False,,1,1,45,venta,inmopanama.com,2026-07-03 00:12:44
https://www.inmopanama.com/exclusivo-en-mantra-punta-pacifica-lujo-con-vista-al-mar-de-75-12-m_p-143329.htm,143329,Exclusivo en Mantra Punta Pacífica: Lujo con Vista al Mar de 75.12 m²,Punta Pacifica,San Francisco,zone_raw_barrio_mapeado,"$437,100",437100,False,,1,2,75,venta,inmopanama.com,2026-07-03 00:12:44
https://www.inmopanama.com/venta-de-apartamento-en-coco-del-mar-san-francisco_p-143387.htm,143387,Venta de apartamento en Coco del Mar - San Francisco,Coco Del Mar,San Francisco,zone_raw_barrio_mapeado,"$386,000",386000,False,,3,2,117,venta,inmopanama.com,2026-07-03 00:12:44
https://www.inmopanama.com/venta-de-apartamento-en-coco-del-mar-san-francisco_p-143388.htm,143388,Venta de apartamento en Coco del Mar - San Francisco,Coco Del Mar,San Francisco,zone_raw_barrio_mapeado,"$390,000",390000,False,,3,2,119,venta,inmopanama.com,2026-07-03 00:12:44
https://www.inmopanama.com/exclusivo-en-mantra-punta-pacifica-lujo-con-vista-al-mar-de-72-42-m_p-143328.htm,143328,Exclusivo en Mantra Punta Pacífica: Lujo con Vista al Mar de 72.42 m²,Punta Pacifica,San Francisco,zone_raw_barrio_mapeado,"$386,100",386100,False,,1,2,72,venta,inmopanama.com,2026-07-03 00:12:44
https://www.inmopanama.com/preventa-de-apartamento-en-san-francisco-coco-del-mar-91-m2_p-143299.htm,143299,"Preventa de Apartamento en San Francisco, Coco del Mar, 91 m2",Coco Del Mar,San Francisco,zone_raw_barrio_mapeado,"$335,200",335200,False,,2,2,91,venta,inmopanama.com,2026-07-03 00:12:44
https://www.inmopanama.com/preventa-de-apartamento-en-san-francisco-coco-del-mar-106-m2_p-143300.htm,143300,"Preventa de Apartamento en San Francisco, Coco del Mar, 106 m2",Coco Del Mar,San Francisco,zone_raw_barrio_mapeado,"$357,300",357300,False,,2,2,106,venta,inmopanama.com,2026-07-03 00:13:06
https://www.inmopanama.com/preventa-de-apartamentos-en-coco-del-mar-117-m2_p-143189.htm,143189,"PREVENTA DE APARTAMENTOS EN COCO DEL MAR, 117 M2",Coco Del Mar,San Francisco,zone_raw_barrio_mapeado,$1,1,True,precio_bajo_umbral,3,2,117,venta,inmopanama.com,2026-07-03 00:13:06
https://www.inmopanama.com/venta-de-apartamentos-en-proyecto-aquapoint-paitilla_p-136219.htm,136219,"Venta de apartamentos en Proyecto Aquapoint, Paitilla",Punta Paitilla,San Francisco,zone_raw_barrio_mapeado,"$364,000",364000,False,,1,1,74,venta,inmopanama.com,2026-07-03 00:13:06
https://www.inmopanama.com/venta-alquiler-de-apartamento-en-ph-mirador-del-golf-altos-del-golf_p-139674.htm,139674,Venta/Alquiler de apartamento en PH Mirador del Golf  Altos del Golf,San Francisco,San Francisco,zone_raw,"$152,000",152000,False,,2,3,102,alquiler,inmopanama.com,2026-07-03 00:13:06
https://www.inmopanama.com/venta-de-apartamento-en-ph-maresias-punta-paitilla_p-143088.htm,143088,"VENTA DE APARTAMENTO EN PH MARESIAS, PUNTA PAITILLA",Punta Paitilla,San Francisco,zone_raw_barrio_mapeado,"$750,000",750000,False,,3,3,414,venta,inmopanama.com,2026-07-03 00:13:06
https://www.inmopanama.com/venta-de-apartamento-en-ph-vizcaya-punta-paitilla_p-143086.htm,143086,"Venta de apartamento en PH Vizcaya, Punta Paitilla",Punta Paitilla,San Francisco,zone_raw_barrio_mapeado,"$175,000",175000,False,,2,3,113,venta,inmopanama.com,2026-07-03 00:13:06
https://www.inmopanama.com/venta-de-apartamento-en-ph-maresias-punta-paitilla_p-143083.htm,143083,Venta de Apartamento en PH Maresias  Punta Paitilla,Punta Paitilla,San Francisco,zone_raw_barrio_mapeado,"$700,000",700000,False,,3,3,612,venta,inmopanama.com,2026-07-03 00:13:06
https://www.inmopanama.com/venta-de-penthouse-en-ph-the-point-punta-paitilla_p-143081.htm,143081,"VENTA DE PENTHOUSE EN PH THE POINT, PUNTA PAITILLA",Punta Paitilla,San Francisco,zone_raw_barrio_mapeado,"$1,500,000",1500000,False,,4,5,786,venta,inmopanama.com,2026-07-03 00:13:06
https://www.inmopanama.com/venta-de-apartamento-de-lujo-en-punta-paitilla-panama_p-142801.htm,142801,"Venta de Apartamento de Lujo en Punta Paitilla, Panamá",San Francisco,San Francisco,zone_raw,"$850,000",850000,False,,4,4,600,venta,inmopanama.com,2026-07-03 00:13:06
https://www.inmopanama.com/venta-o-alquiler-de-apartamento-en-punta-pacifica-panama_p-142796.htm,142796,"Venta o Alquiler de Apartamento en Punta Pacifica, Panamá",San Francisco,San Francisco,zone_raw,"$750,000",750000,False,,3,3,318,alquiler,inmopanama.com,2026-07-03 00:13:06
https://www.inmopanama.com/venta-o-alquiler-de-apartamento-semi-amoblado-en-san-francisco-panama_p-142786.htm,142786,"Venta.o.Alquiler de Apartamento semi amoblado en San Francisco, Panamá",San Francisco,San Francisco,zone_raw,"$280,000",280000,False,,3,3,171,alquiler,inmopanama.com,2026-07-03 00:13:07
https://www.inmopanama.com/venta-de-apartamento-en-ph-the-hub-san-francisco_p-142773.htm,142773,"VENTA DE APARTAMENTO EN PH. THE HUB, SAN FRANCISCO",San Francisco,San Francisco,zone_raw,"$280,208",280208,False,,2,2,71,venta,inmopanama.com,2026-07-03 00:13:07
https://www.inmopanama.com/venta-de-apartamento-en-ph-the-hub-san-francisco_p-142772.htm,142772,"VENTA DE APARTAMENTO EN PH. THE HUB, SAN FRANCISCO",San Francisco,San Francisco,zone_raw,"$202,300",202300,False,,1,1,51,venta,inmopanama.com,2026-07-03 00:13:07
https://www.inmopanama.com/venta-de-apartamento-en-ph-the-hub-san-francisco_p-142771.htm,142771,"VENTA DE APARTAMENTO EN PH. THE HUB, SAN FRANCISCO",San Francisco,San Francisco,zone_raw,"$240,896",240896,False,,1,1,61,venta,inmopanama.com,2026-07-03 00:13:07
https://www.inmopanama.com/venta-de-apartamento-en-ph-devecaux-san-francisco_p-142819.htm,142819,"Venta de apartamento en PH Devecaux, San Francisco",San Francisco,San Francisco,zone_raw,"$180,000",180000,False,,2,2,134,venta,inmopanama.com,2026-07-03 00:13:07
https://www.inmopanama.com/venta-de-apartamento-en-ph-deveaux-san-francisco_p-142820.htm,142820,"Venta de apartamento en PH Deveaux, San Francisco",San Francisco,San Francisco,zone_raw,"$160,000",160000,False,,2,2,134,venta,inmopanama.com,2026-07-03 00:13:07
https://www.inmopanama.com/venta-de-apartamento-amueblado-en-ph-san-francisco-bay-san-francisco_p-142894.htm,142894,"Venta de apartamento amueblado en PH San Francisco Bay, San Francisco",San Francisco,San Francisco,zone_raw,"$165,000",165000,False,,2,2,91,venta,inmopanama.com,2026-07-03 00:13:07
https://www.inmopanama.com/venta-de-apartamento-en-ph-punta-del-sol-punta-paitilla-panama_p-142906.htm,142906,"Venta de apartamento en PH Punta del Sol, Punta Paitilla, Panamá",San Francisco,San Francisco,zone_raw,"$580,000",580000,False,,4,4,600,venta,inmopanama.com,2026-07-03 00:13:07
https://www.inmopanama.com/venta-de-penthouse-en-pacific-shore_p-142806.htm,142806,Venta de Penthouse en Pacific Shore,Punta Paitilla,San Francisco,zone_raw_barrio_mapeado,"$530,000",530000,False,,5,6,511,venta,inmopanama.com,2026-07-03 00:13:07
https://www.inmopanama.com/apartamento-en-venta-en-coco-del-mar-ph-tribu_p-142784.htm,142784,Apartamento en venta en Coco del Mar - PH Tribu,Coco Del Mar,San Francisco,zone_raw_barrio_mapeado,"$590,000",590000,False,,3,3,173,venta,inmopanama.com,2026-07-03 00:13:07
https://www.inmopanama.com/venta-de-apartamento-en-coco-del-mar-san-francisco_p-142777.htm,142777,Venta de apartamento en Coco del Mar - San Francisco,Coco Del Mar,San Francisco,zone_raw_barrio_mapeado,"$390,000",390000,False,,3,2,119,venta,inmopanama.com,2026-07-03 00:13:11
https://www.inmopanama.com/venta-de-apartamento-en-coco-del-mar-san-francisco_p-142776.htm,142776,Venta de apartamento en Coco del Mar - San Francisco,Coco Del Mar,San Francisco,zone_raw_barrio_mapeado,"$386,000",386000,False,,3,2,117,venta,inmopanama.com,2026-07-03 00:13:11
https://www.inmopanama.com/se-vende-penthouse-ph-pacific-coast-san-francisco_p-142761.htm,142761,"Se Vende Penthouse, PH Pacific Coast, San Francisco",Punta Pacifica,San Francisco,zone_raw_barrio_mapeado,"$715,000",715000,False,,4,4,418,venta,inmopanama.com,2026-07-03 00:13:11
https://www.inmopanama.com/venta-de-apartamento-en-punta-pacifica-san-francisco_p-142562.htm,142562,"Venta de apartamento en Punta Pacífica, San Francisco",Punta Pacifica,San Francisco,zone_raw_barrio_mapeado,"$350,000",350000,False,,1,1,98,venta,inmopanama.com,2026-07-03 00:13:12
https://www.inmopanama.com/se-vende-loft-en-punta-pacifica-san-francisco_p-142673.htm,142673,"Se vende loft en Punta Pacífica, San Francisco",Punta Pacifica,San Francisco,zone_raw_barrio_mapeado,"$330,000",330000,False,,1,1,175,venta,inmopanama.com,2026-07-03 00:13:12
https://www.inmopanama.com/se-vende-penthouse-en-ph-mirage-paitilla_p-142652.htm,142652,"Se vende penthouse en PH Mirage, Paitilla",Punta Paitilla,San Francisco,zone_raw_barrio_mapeado,"$900,000",900000,False,,5,7,1050,venta,inmopanama.com,2026-07-03 00:13:12
https://www.inmopanama.com/se-vende-apartamento-en-coco-del-mar-san-francisco_p-142590.htm,142590,"Se vende apartamento en Coco del Mar, San Francisco",Coco Del Mar,San Francisco,zone_raw_barrio_mapeado,"$379,000",379000,False,,2,2,102,venta,inmopanama.com,2026-07-03 00:13:12
https://www.inmopanama.com/venta-de-apartamento-en-victory-sport-coco-del-mar-san-francisco_p-142569.htm,142569,"Venta de apartamento en Victory Sport, Coco del Mar, San Francisco",Coco Del Mar,San Francisco,zone_raw_barrio_mapeado,"$320,000",320000,False,,2,2,80,venta,inmopanama.com,2026-07-03 00:13:12
https://www.inmopanama.com/venta-o-alquiler-de-apartamento-amoblado-en-punta-pacifica-panama_p-142818.htm,142818,"Venta o Alquiler de Apartamento Amoblado en Punta Pacífica, Panamá",Punta Pacifica,San Francisco,zone_raw_barrio_mapeado,"$950,000",950000,False,,3,3,388,alquiler,inmopanama.com,2026-07-03 00:13:12
https://www.inmopanama.com/venta-de-apartamento-vacio-ph-ana-gloria-punta-paitilla_p-142846.htm,142846,"VENTA DE APARTAMENTO VACÍO PH ANA GLORIA, PUNTA PAITILLA",Punta Paitilla,San Francisco,zone_raw_barrio_mapeado,"$330,000",330000,False,,3,3,297,venta,inmopanama.com,2026-07-03 00:13:12
https://www.inmopanama.com/venta-de-apartamento-en-ph-mediterrane-punta-paitilla_p-142876.htm,142876,"Venta de apartamento en PH Mediterrane, Punta Paitilla",Punta Paitilla,San Francisco,zone_raw_barrio_mapeado,"$310,000",310000,False,,3,2,173,venta,inmopanama.com,2026-07-03 00:13:12
https://www.inmopanama.com/venta-de-apartamento-ph-puntarenas-coco-del-mar-panama_p-142887.htm,142887,Venta de Apartamento PH Puntarenas Coco del Mar - Panamá,Coco Del Mar,San Francisco,zone_raw_barrio_mapeado,"$810,000",810000,False,,3,3,378,venta,inmopanama.com,2026-07-03 00:13:12
https://www.inmopanama.com/venta-de-apartamento-en-ph-royal-princess-san-francisco_p-142893.htm,142893,"Venta de apartamento en PH Royal Princess, San Francisco",Punta Paitilla,San Francisco,zone_raw_barrio_mapeado,"$225,000",225000,False,,2,2,150,venta,inmopanama.com,2026-07-03 00:13:12
https://www.inmopanama.com/venta-de-apartamento-en-ph-peninsula-punta-paitilla_p-142979.htm,142979,"VENTA DE APARTAMENTO EN PH PENINSULA,PUNTA PAITILLA",Punta Paitilla,San Francisco,zone_raw_barrio_mapeado,"$650,000",650000,False,,3,3,350,venta,inmopanama.com,2026-07-03 00:13:12
https://www.inmopanama.com/apartamento-amoblado-en-the-towers-paitilla_p-142493.htm,142493,"APARTAMENTO AMOBLADO EN THE TOWERS, PAITILLA",San Francisco,San Francisco,zone_raw,"$1,200,000",1200000,False,,3,3,329,venta,inmopanama.com,2026-07-03 00:13:12
https://www.inmopanama.com/venta-alquiler-de-apartamento-en-ph-grand-tower-punta-pacifica_p-142519.htm,142519,"Venta/Alquiler de apartamento en PH Grand Tower, Punta Pacífica",Punta Pacifica,San Francisco,zone_raw_barrio_mapeado,"$570,000",570000,False,,2,3,200,alquiler,inmopanama.com,2026-07-03 00:13:13
https://www.inmopanama.com/venta-de-apartamento-en-ph-loft-41-punta-pacifica_p-142523.htm,142523,"Venta de apartamento en PH Loft 41, Punta Pacífica",Punta Pacifica,San Francisco,zone_raw_barrio_mapeado,"$320,000",320000,False,,2,2,175,venta,inmopanama.com,2026-07-03 00:13:13
https://www.inmopanama.com/apartamento-en-the-towers-paitilla_p-142481.htm,142481,"APARTAMENTO EN THE TOWERS, PAITILLA",Punta Paitilla,San Francisco,zone_raw_barrio_mapeado,"$1,200,000",1200000,False,,3,3,329,venta,inmopanama.com,2026-07-03 00:13:13
https://www.inmopanama.com/venta-de-apartamento-en-ph-the-towers-san-francisco_p-139934.htm,139934,VENTA DE APARTAMENTO EN PH THE TOWERS | SAN FRANCISCO,San Francisco,San Francisco,zone_raw,"$440,000",440000,False,,3,3,189,venta,inmopanama.com,2026-07-03 00:13:13
https://www.inmopanama.com/se-vende-apartamento-en-carrasquilla-san-francisco_p-139879.htm,139879,Se Vende apartamento en Carrasquilla- San Francisco,San Francisco,San Francisco,zone_raw,"$140,000",140000,False,,3,2,83,venta,inmopanama.com,2026-07-03 00:13:13
https://www.inmopanama.com/se-vende-apartamento-en-punta-pacifica-san-francisco_p-139880.htm,139880,Se Vende apartamento en Punta Pacifica San Francisco.,Punta Pacifica,San Francisco,zone_raw_barrio_mapeado,"$185,000",185000,False,,2,2,94,venta,inmopanama.com,2026-07-03 00:13:17
https://www.inmopanama.com/venta-de-apartamento-en-ph-peninsula-paitilla_p-139928.htm,139928,VENTA DE APARTAMENTO EN PH PENÍNSULA | PAITILLA,Punta Paitilla,San Francisco,zone_raw_barrio_mapeado,"$605,000",605000,False,,3,3,329,venta,inmopanama.com,2026-07-03 00:13:17
https://www.inmopanama.com/apartamento-en-venta-ph-windows-tower-san-francisco_p-139753.htm,139753,"Apartamento en venta  PH Windows Tower, San Francisco",San Francisco,San Francisco,zone_raw,"$300,000",300000,False,,3,3,145,venta,inmopanama.com,2026-07-03 00:13:17
https://www.inmopanama.com/venta-de-apartamento-en-ph-prestanza_p-139807.htm,139807,Venta de apartamento en PH Prestanza,San Francisco,San Francisco,zone_raw,"$430,000",430000,False,,3,3,230,venta,inmopanama.com,2026-07-03 00:13:17
https://www.inmopanama.com/venta-alquiler-de-apartamento-en-ph-mirador-del-golf-altos-del-golf_p-139703.htm,139703,Venta/Alquiler de apartamento en PH Mirador del Golf  Altos del Golf,Altos Del Golf,san-francisco,pagina_scrapeada_no_resuelto,"$155,000",155000,False,,2,3,102,alquiler,inmopanama.com,2026-07-03 00:13:17
https://www.inmopanama.com/venta-de-apartamento-en-ph-plaza-paitilla-torre-i_p-139729.htm,139729,Venta de apartamento en PH Plaza Paitilla  Torre I,Punta Paitilla,San Francisco,zone_raw_barrio_mapeado,"$230,000",230000,False,,4,3,157,venta,inmopanama.com,2026-07-03 00:13:17
https://www.inmopanama.com/venta-de-apartamento-ph-q-tower-punta-pacifica_p-139730.htm,139730,Venta de apartamento PH Q Tower  Punta Pacífica,Punta Pacifica,San Francisco,zone_raw_barrio_mapeado,"$665,000",665000,False,,4,4,308,venta,inmopanama.com,2026-07-03 00:13:17
https://www.inmopanama.com/venta-de-apartamento-en-ph-country-park-coco-del-mar_p-139738.htm,139738,Venta de apartamento en PH Country Park  Coco del Mar,Coco Del Mar,San Francisco,zone_raw_barrio_mapeado,"$240,000",240000,False,,3,2,160,venta,inmopanama.com,2026-07-03 00:13:17
https://www.inmopanama.com/venta-alquiler-de-apartamento-en-ph-grand-tower-punta-pacifica_p-139656.htm,139656,"Venta/Alquiler de apartamento en PH Grand Tower, Punta Pacífica",Punta Pacifica,San Francisco,zone_raw_barrio_mapeado,"$570,000",570000,False,,2,3,200,alquiler,inmopanama.com,2026-07-03 00:13:17
https://www.inmopanama.com/loft-en-venta-en-ph-loft-four-41-punta-pacifica_p-143014.htm,143014,Loft en Venta en PH Loft Four 41  Punta Pacífica,Punta Pacifica,San Francisco,zone_raw_barrio_mapeado,"$270,000",270000,False,,1,1,177,venta,inmopanama.com,2026-07-03 00:13:17
https://www.inmopanama.com/venta-de-apartamento-amoblado-en-san-francisco-ph-joy-tower_p-143022.htm,143022,"VENTA DE APARTAMENTO AMOBLADO EN SAN FRANCISCO, PH JOY TOWER",San Francisco,San Francisco,zone_raw,"$350,000",350000,False,,4,3,215,venta,inmopanama.com,2026-07-03 00:13:18
https://www.inmopanama.com/sale-of-apartment-in-punta-pacifica_p-138557.htm,138557,Sale of apartment in Punta Pacifica,Punta Pacifica,San Francisco,zone_raw_barrio_mapeado,"$310,000",310000,False,,2,2,116,venta,inmopanama.com,2026-07-03 00:13:18
https://www.inmopanama.com/venta-de-apartamento-en-san-francisco-panama_p-136860.htm,136860,"Venta de Apartamento en San Francisco, Panamá",San Francisco,San Francisco,zone_raw,"$250,000",250000,False,,3,3,158,venta,inmopanama.com,2026-07-03 00:13:18
https://www.inmopanama.com/venta-de-apartamento-en-ph-coral-towers-parque-lefevre_p-136342.htm,136342,"Venta de apartamento en PH Coral Towers, Parque Lefevre",San Francisco,San Francisco,zone_raw,"$165,000",165000,False,,3,2,82,venta,inmopanama.com,2026-07-03 00:13:18
https://www.inmopanama.com/vendo-hermoso-apartamento-en-ph-royal-princess_p-137102.htm,137102,VENDO HERMOSO APARTAMENTO EN PH ROYAL PRINCESS,Punta Paitilla,San Francisco,zone_raw_barrio_mapeado,"$189,000",189000,False,,2,2,150,venta,inmopanama.com,2026-07-03 00:13:18
https://www.inmopanama.com/venta-de-apartamento-en-ph-costa-pacifica_p-137061.htm,137061,Venta de Apartamento en PH Costa Pacífica,Punta Pacifica,San Francisco,zone_raw_barrio_mapeado,"$330,000",330000,False,,3,3,198,venta,inmopanama.com,2026-07-03 00:13:18
https://www.inmopanama.com/se-vende-loft-en-coco-del-mar_p-143056.htm,143056,Se vende Loft en Coco del Mar,San Francisco,San Francisco,zone_raw,"$210,000",210000,False,,1,1,109,venta,inmopanama.com,2026-07-03 00:13:18
https://www.inmopanama.com/se-vende-apartamento-en-proyecto-ph-dovle-selva-coco-del-mar-panama-city_p-143054.htm,143054,Se Vende Apartamento en Proyecto PH Dovle Selva Coco del Mar Panamá Ci...,Coco Del Mar,San Francisco,zone_raw_barrio_mapeado,"$246,600",246600,False,,2,2,55,venta,inmopanama.com,2026-07-03 00:13:18
https://www.inmopanama.com/apartamento-para-alquiler-punta-pacifica_p-143051.htm,143051,APARTAMENTO PARA ALQUILER PUNTA PACIFICA,Punta Pacifica,San Francisco,zone_raw_barrio_mapeado,"$440,000",440000,False,,2,2,440,alquiler,inmopanama.com,2026-07-03 00:13:18
https://www.inmopanama.com/venta-de-apartamento-en-the-point-punta-paitilla_p-143047.htm,143047,Venta de Apartamento en The Point Punta Paitilla,Punta Paitilla,San Francisco,zone_raw_barrio_mapeado,"$1,430,000",1430000,False,,4,4,500,venta,inmopanama.com,2026-07-03 00:13:18
https://www.inmopanama.com/venta-de-apartamento-en-victory-sport-coco-del-mar-san-francisco_p-138129.htm,138129,"Venta de apartamento en Victory Sport, Coco del Mar, San Francisco",Coco Del Mar,San Francisco,zone_raw_barrio_mapeado,"$320,000",320000,False,,2,2,80,venta,inmopanama.com,2026-07-03 00:13:37
https://www.inmopanama.com/venta-de-apartamento-en-ocean-reef-punta-pacifica_p-137031.htm,137031,"Venta de Apartamento en Ocean Reef, Punta Pacifica",Punta Pacifica,San Francisco,zone_raw_barrio_mapeado,"$3,999,000",3999000,False,,4,4,1500,venta,inmopanama.com,2026-07-03 00:13:37
https://www.inmopanama.com/se-vende-apartamento-en-ph-victory-wellness-coco-del-mar-panama_p-136034.htm,136034,"Se vende apartamento en PH Victory Wellness, Coco del Mar, Panamá",Coco Del Mar,San Francisco,zone_raw_barrio_mapeado,"$379,000",379000,False,,2,2,102,venta,inmopanama.com,2026-07-03 00:13:37
https://www.inmopanama.com/venta-de-apartamento-en-ph-the-ocean-club-toc-punta-pacifica_p-136057.htm,136057,"Venta de apartamento en PH The Ocean Club (TOC), Punta Pacífica",Punta Pacifica,San Francisco,zone_raw_barrio_mapeado,"$250,000",250000,False,,1,1,64,venta,inmopanama.com,2026-07-03 00:13:37
https://www.inmopanama.com/sea-point-punta-paitilla_p-138029.htm,138029,Sea point-punta paitilla,Punta Paitilla,San Francisco,zone_raw_barrio_mapeado,"$910,000",910000,False,,3,3,320,venta,inmopanama.com,2026-07-03 00:13:37
https://www.inmopanama.com/venta-de-apartamento-en-parque-omar-ph-terrazas_p-137766.htm,137766,Venta de Apartamento en Parque Omar PH Terrazas,San Francisco,San Francisco,zone_raw,"$220,000",220000,False,,2,2,90,venta,inmopanama.com,2026-07-03 00:13:37
https://www.inmopanama.com/venta-de-apartamento-en-ocean-front-luxury-penthouses_p-137318.htm,137318,Venta de Apartamento en Ocean Front Luxury Penthouses,Punta Paitilla,San Francisco,zone_raw_barrio_mapeado,"$913,400",913400,False,,3,3,320,venta,inmopanama.com,2026-07-03 00:13:37
https://www.inmopanama.com/venta-de-penthouse-en-ocean-front-luxury-penthouses-punta-patilla_p-137314.htm,137314,Venta de Penthouse en Ocean Front Luxury Penthouses Punta Patilla,Punta Paitilla,San Francisco,zone_raw_barrio_mapeado,"$1,530,600",1530600,False,,5,5,565,venta,inmopanama.com,2026-07-03 00:13:37
https://www.inmopanama.com/venta-de-apartamento-en-punta-pacifica-panama_p-137276.htm,137276,"Venta de Apartamento en Punta Pacífica, Panamá",Punta Pacifica,San Francisco,zone_raw_barrio_mapeado,"$1,320,000",1320000,False,,3,4,375,venta,inmopanama.com,2026-07-03 00:13:37
https://www.inmopanama.com/venta-de-apartamento-en-ph-asis-modelo-a_p-137227.htm,137227,Venta de apartamento en PH ASÍS - modelo A,San Francisco,San Francisco,zone_raw,"$382,800",382800,False,,3,2,116,venta,inmopanama.com,2026-07-03 00:13:37
https://www.inmopanama.com/venta-de-apartamento-en-ph-asis-modelo-f_p-137228.htm,137228,Venta de apartamento en PH ASÍS - modelo F,San Francisco,San Francisco,zone_raw,"$237,600",237600,False,,2,2,72,venta,inmopanama.com,2026-07-03 00:13:37
https://www.inmopanama.com/venta-de-apartamento-en-ph-asis-modelo-c_p-137229.htm,137229,Venta de apartamento en PH ASÍS - modelo C,San Francisco,San Francisco,zone_raw,"$349,800",349800,False,,3,2,106,venta,inmopanama.com,2026-07-03 00:13:38
https://www.inmopanama.com/venta-de-apartamento-en-ph-asis-modelo-d_p-137225.htm,137225,Venta de apartamento en PH ASÍS - modelo D,San Francisco,San Francisco,zone_raw,"$267,300",267300,False,,3,2,81,venta,inmopanama.com,2026-07-03 00:13:38
https://www.inmopanama.com/venta-de-apartamento-en-ph-asis-modelo-e_p-137226.htm,137226,Venta de apartamento en PH ASÍS - modelo E,San Francisco,San Francisco,zone_raw,"$237,600",237600,False,,2,2,72,venta,inmopanama.com,2026-07-03 00:13:38
https://www.inmopanama.com/venta-de-apartamento-en-ph-asis-modelo-b_p-137230.htm,137230,Venta de apartamento en PH ASÍS - modelo B,San Francisco,San Francisco,zone_raw,"$376,200",376200,False,,3,2,114,venta,inmopanama.com,2026-07-03 00:13:38
https://www.inmopanama.com/venta-de-apartamento-en-ph-dovle-selva-coco-del-mar_p-137161.htm,137161,"Venta de apartamento en PH. DOVLE SELVA, Coco del Mar",Coco Del Mar,San Francisco,zone_raw_barrio_mapeado,"$241,000",241000,False,,2,2,55,venta,inmopanama.com,2026-07-03 00:13:38
https://www.inmopanama.com/se-vende-apartamento-el-punta-pacifica_p-137142.htm,137142,Se vende apartamento el Punta Pacífica,Punta Pacifica,San Francisco,zone_raw_barrio_mapeado,"$335,000",335000,False,,3,4,198,venta,inmopanama.com,2026-07-03 00:13:38
https://www.inmopanama.com/se-vende-apartamento-en-ph-tao-san-francisco_p-137071.htm,137071,"Se Vende Apartamento en PH TAO, San Francisco",San Francisco,San Francisco,zone_raw,"$320,742",320742,False,,3,3,205,venta,inmopanama.com,2026-07-03 00:13:38
https://www.inmopanama.com/se-vende-apartamento-en-san-francisco-ciudad-de-panama_p-137065.htm,137065,"Se vende apartamento en San Francisco, Ciudad de Panamá",San Francisco,San Francisco,zone_raw,"$290,000",290000,False,,3,2,114,venta,inmopanama.com,2026-07-03 00:13:38
https://www.inmopanama.com/venta-de-apartamento-full-amueblado-en-piso-alto-ph-oceanaire_p-137063.htm,137063,"Venta de Apartamento FULL AMUEBLADO en Piso Alto, PH. OCEANAIRE",Punta Pacifica,San Francisco,zone_raw_barrio_mapeado,"$359,000",359000,False,,2,2,143,venta,inmopanama.com,2026-07-03 00:13:38
https://www.inmopanama.com/se-vende-espacioso-apartamento-con-vista-al-mar-en-san-francisco_p-136978.htm,136978,SE VENDE ESPACIOSO APARTAMENTO CON VISTA AL MAR EN SAN FRANCISCO,San Francisco,San Francisco,zone_raw,"$420,000",420000,False,,3,5,207,venta,inmopanama.com,2026-07-03 00:13:42
https://www.inmopanama.com/venta-de-apartamento-en-ph-emporium-tower-san-francisco_p-136971.htm,136971,"Venta de Apartamento en PH Emporium Tower, San Francisco",San Francisco,San Francisco,zone_raw,"$490,000",490000,False,,3,3,330,venta,inmopanama.com,2026-07-03 00:13:42
https://www.inmopanama.com/venta-de-apartamento-reposeido-en-ph-san-francisco-67_p-136944.htm,136944,Venta de Apartamento Reposeído en PH San Francisco 67,San Francisco,San Francisco,zone_raw,"$240,000",240000,False,,2,2,135,venta,inmopanama.com,2026-07-03 00:13:42
https://www.inmopanama.com/venta-de-apartamento-en-ph-mandarin-bay-san-francisco_p-136950.htm,136950,"Venta de Apartamento en PH. Mandarin Bay, San Francisco",San Francisco,San Francisco,zone_raw,"$499,000",499000,False,,3,5,207,venta,inmopanama.com,2026-07-03 00:13:42
https://www.inmopanama.com/apartamento-en-coco-del-mar-vision-tower_p-136959.htm,136959,Apartamento en Coco del Mar - Vision Tower,Coco Del Mar,San Francisco,zone_raw_barrio_mapeado,"$500,000",500000,False,,3,4,278,venta,inmopanama.com,2026-07-03 00:13:43
https://www.inmopanama.com/apartamento-en-venta-en-ph-royal-princess-punta-paitilla_p-136960.htm,136960,Apartamento en Venta en PH Royal Princess  Punta Paitilla,Punta Paitilla,San Francisco,zone_raw_barrio_mapeado,"$225,000",225000,False,,2,2,150,venta,inmopanama.com,2026-07-03 00:13:43
https://www.inmopanama.com/venta-de-apartamento-en-ph-bahia-pacifica-panama_p-136859.htm,136859,"Venta de apartamento en PH Bahía Pacífica, Panamá",Punta Pacifica,San Francisco,zone_raw_barrio_mapeado,"$1,400,000",1400000,False,,4,4,585,venta,inmopanama.com,2026-07-03 00:13:43
https://www.inmopanama.com/se-vende-apartamento-en-coco-del-mar_p-136824.htm,136824,SE VENDE APARTAMENTO EN COCO DEL MAR,Coco Del Mar,San Francisco,zone_raw_barrio_mapeado,"$963,870",963870,False,,3,4,338,venta,inmopanama.com,2026-07-03 00:13:43
https://www.inmopanama.com/apartamento-en-punta-pacifica_p-136792.htm,136792,Apartamento en Punta Pacifica,Punta Pacifica,San Francisco,zone_raw_barrio_mapeado,"$285,000",285000,False,,2,2,80,venta,inmopanama.com,2026-07-03 00:13:43
https://www.inmopanama.com/apartamento-en-venta-san-francisco-ciudad-de-panama_p-136750.htm,136750,"Apartamento en venta, San Francisco, Ciudad de Panamá",San Francisco,San Francisco,zone_raw,"$185,000",185000,False,,2,2,968,venta,inmopanama.com,2026-07-03 00:13:43
https://www.inmopanama.com/venta-de-apartamentos-proyecto-ph-mantra-punta-pacifica_p-136752.htm,136752,"Venta de apartamentos, Proyecto PH Mantra, Punta Pacífica",San Francisco,San Francisco,zone_raw,"$131,000",131000,False,,1,1,25,venta,inmopanama.com,2026-07-03 00:13:43
https://www.inmopanama.com/venta-de-apartamentos-en-proyecto-be-living-san-francisco_p-136678.htm,136678,"Venta de apartamentos en proyecto Be Living, San Francisco",San Francisco,San Francisco,zone_raw,"$180,926",180926,False,,1,1,48,venta,inmopanama.com,2026-07-03 00:13:43
https://www.inmopanama.com/se-vende-apartamento-en-coco-del-mar-panama_p-137659.htm,137659,"Se vende apartamento en Coco del Mar, Panamá",Coco Del Mar,San Francisco,zone_raw_barrio_mapeado,"$454,500",454500,False,,3,3,177,venta,inmopanama.com,2026-07-03 00:13:43
https://www.inmopanama.com/venta-de-apartamentos-proyecto-ph-loom-san-francisco-panama_p-136591.htm,136591,"Venta de apartamentos, proyecto PH Loom, San Francisco, Panamá",San Francisco,San Francisco,zone_raw,"$105,000",105000,False,,1,1,35,venta,inmopanama.com,2026-07-03 00:13:43
https://www.inmopanama.com/venta-de-apartamentos-proyecto-ph-the-hub-san-francisco-panama_p-136559.htm,136559,"Venta de apartamentos, Proyecto PH The Hub, San Francisco, Panamá",San Francisco,San Francisco,zone_raw,"$225,896",225896,False,,1,1,61,venta,inmopanama.com,2026-07-03 00:13:43
https://www.inmopanama.com/venta-de-apartamentos-proyecto-be-living-san-francisco-panama_p-136567.htm,136567,"Venta de apartamentos, Proyecto Be Living, San Francisco, Panamá",San Francisco,San Francisco,zone_raw,"$185,530",185530,False,,1,1,47,venta,inmopanama.com,2026-07-03 00:13:43
https://www.inmopanama.com/venta-de-apartamentos-en-ph-sea-point-punta-paitilla_p-136529.htm,136529,"Venta de apartamentos en PH. Sea Point, Punta Paitilla",Punta Paitilla,San Francisco,zone_raw_barrio_mapeado,"$1,021,929",1021929,False,,3,3,305,venta,inmopanama.com,2026-07-03 00:13:43
https://www.inmopanama.com/vendo-apartamento-en-coco-del-mar_p-136457.htm,136457,Vendo apartamento en Coco del mar,Coco Del Mar,San Francisco,zone_raw_barrio_mapeado,"$349,000",349000,False,,2,2,240,venta,inmopanama.com,2026-07-03 00:13:44
https://www.inmopanama.com/se-vende-apartamento-en-san-francisco_p-136415.htm,136415,Se vende apartamento en San Francisco,San Francisco,San Francisco,zone_raw,"$195,000",195000,False,,2,2,85,venta,inmopanama.com,2026-07-03 00:13:44
https://www.inmopanama.com/venta-de-apartamento-san-francisco_p-136401.htm,136401,"Venta de Apartamento, San Francisco",San Francisco,San Francisco,zone_raw,"$195,000",195000,False,,1,1,134,venta,inmopanama.com,2026-07-03 00:13:44
https://www.inmopanama.com/venta-de-apartamento-amoblado-en-coco-del-mar_p-136386.htm,136386,Venta de apartamento amoblado en Coco del Mar,Coco Del Mar,San Francisco,zone_raw_barrio_mapeado,"$190,000",190000,False,,1,2,95,venta,inmopanama.com,2026-07-03 00:14:04
https://www.inmopanama.com/venta-de-apartamento-en-punta-pacifica-panama_p-136311.htm,136311,"Venta de apartamento en Punta Pacifica, Panamá",Punta Pacifica,San Francisco,zone_raw_barrio_mapeado,"$220,000",220000,False,,2,2,110,venta,inmopanama.com,2026-07-03 00:14:04
https://www.inmopanama.com/venta-de-apartamento-de-lujo-en-ph-bahia-pacifica-panama_p-136230.htm,136230,"Venta de apartamento de lujo en PH Bahía Pacífica, Panamá",Punta Pacifica,San Francisco,zone_raw_barrio_mapeado,"$1,400,000",1400000,False,,4,4,585,venta,inmopanama.com,2026-07-03 00:14:04
https://www.inmopanama.com/venta-de-apartamento-en-ph-toc-punta-pacifica_p-136229.htm,136229,"Venta de apartamento en PH TOC, Punta Pacífica",Punta Pacifica,San Francisco,zone_raw_barrio_mapeado,"$480,000",480000,False,,2,2,153,venta,inmopanama.com,2026-07-03 00:14:04
https://www.inmopanama.com/venta-de-apartamentos-en-ph-dovle-cincuentenario-san-francisco_p-136187.htm,136187,"Venta de Apartamentos en PH Dovle, Cincuentenario, San Francisco",San Francisco,San Francisco,zone_raw,"$200,000",200000,False,,1,1,49,venta,inmopanama.com,2026-07-03 00:14:04
https://www.inmopanama.com/venta-de-apartamento-en-ph-be-living-san-francisco_p-136002.htm,136002,"Venta de apartamento en PH Be Living, San Francisco",San Francisco,San Francisco,zone_raw,"$180,926",180926,False,,1,1,48,venta,inmopanama.com,2026-07-03 00:14:04
https://www.inmopanama.com/venta-de-apartamentos-proyectos-square-72-san-francisco_p-136037.htm,136037,Venta de apartamentos Proyectos Square 72/ San Francisco,San Francisco,San Francisco,zone_raw,"$196,000",196000,False,,1,1,47,venta,inmopanama.com,2026-07-03 00:14:04
https://www.inmopanama.com/se-vende-apartamento-reposeido-en-san-francisco-panama_p-138853.htm,138853,"Se vende apartamento reposeído en San Francisco, Panamá",San Francisco,San Francisco,zone_raw,"$201,150",201150,False,,2,2,110,venta,inmopanama.com,2026-07-03 00:14:04
https://www.inmopanama.com/venta-de-apartamento-en-coco-del-mar-panama_p-135958.htm,135958,"Venta de apartamento en Coco Del Mar, Panamá",Coco Del Mar,San Francisco,zone_raw_barrio_mapeado,"$270,000",270000,False,,2,2,68,venta,inmopanama.com,2026-07-03 00:14:04
https://www.inmopanama.com/venta-de-apartamento-en-coco-del-mar-panama_p-135924.htm,135924,"Venta de apartamento en Coco del Mar, Panamá",Coco Del Mar,San Francisco,zone_raw_barrio_mapeado,"$176,800",176800,False,,1,1,52,venta,inmopanama.com,2026-07-03 00:14:04
https://www.inmopanama.com/venta-de-apartamento-en-punta-pacifica-panama_p-135965.htm,135965,"Venta de apartamento en Punta Pacifica, Panamá",Punta Pacifica,San Francisco,zone_raw_barrio_mapeado,"$440,000",440000,False,,2,2,200,venta,inmopanama.com,2026-07-03 00:14:05
https://www.inmopanama.com/venta-de-apartamento-en-san-francisco-panama_p-135902.htm,135902,"Venta de apartamento en San Francisco, Panamá",San Francisco,San Francisco,zone_raw,"$189,000",189000,False,,2,2,122,venta,inmopanama.com,2026-07-03 00:14:05
https://www.inmopanama.com/venta-de-apartamento-en-coco-del-mar_p-135903.htm,135903,Venta de Apartamento en Coco Del Mar,Coco Del Mar,San Francisco,zone_raw_barrio_mapeado,"$288,000",288000,False,,1,2,148,venta,inmopanama.com,2026-07-03 00:14:05
https://www.inmopanama.com/venta-de-apartamento-en-san-francisco_p-135692.htm,135692,Venta de Apartamento en San Francisco,San Francisco,San Francisco,zone_raw,"$320,000",320000,False,,3,3,205,venta,inmopanama.com,2026-07-03 00:14:05
https://www.inmopanama.com/venta-de-apartamento-en-san-francisco_p-135725.htm,135725,Venta de Apartamento en San Francisco,San Francisco,San Francisco,zone_raw,"$427,000",427000,False,,4,3,207,venta,inmopanama.com,2026-07-03 00:14:05
https://www.inmopanama.com/venta-de-apartamento-en-punta-pacifica_p-135759.htm,135759,Venta de Apartamento en Punta Pacifica,Punta Pacifica,San Francisco,zone_raw_barrio_mapeado,"$340,000",340000,False,,2,2,166,venta,inmopanama.com,2026-07-03 00:14:05
https://www.inmopanama.com/venta-de-apartamento-en-coco-del-mar_p-135813.htm,135813,Venta de Apartamento en Coco del Mar,Coco Del Mar,San Francisco,zone_raw_barrio_mapeado,"$345,000",345000,False,,3,3,212,venta,inmopanama.com,2026-07-03 00:14:05
https://www.inmopanama.com/venta-de-apartamento-loft-en-san-francisco-park-loft_p-133085.htm,133085,"Venta de apartamento loft en san francisco, park loft",San Francisco,San Francisco,zone_raw,"$280,000",280000,False,,2,2,125,venta,inmopanama.com,2026-07-03 00:14:05
https://www.inmopanama.com/venta-de-apartamento-tipo-loft-en-san-francisco_p-130699.htm,130699,"Venta de apartamento tipo loft, en san francisco",San Francisco,San Francisco,zone_raw,"$265,650",265650,False,,1,2,110,venta,inmopanama.com,2026-07-03 00:14:05
https://www.inmopanama.com/apartamento-de-2-dormitorios-y-2-ba_p-138697.htm,138697,Apartamento de 2 dormitorios y 2 ba,Punta Pacifica,San Francisco,zone_raw_barrio_mapeado,"$199,000",199000,False,,2,2,110,venta,inmopanama.com,2026-07-03 00:14:05
https://www.inmopanama.com/apartamento-en-venta-en-carrasquilla_p-141535.htm,141535,Apartamento en Venta en Carrasquilla,San Francisco,San Francisco,zone_raw,"$217,000",217000,False,,0,2,80,venta,inmopanama.com,2026-07-03 00:14:09
https://www.inmopanama.com/exclusivo-en-mantra-punta-pacifica-lujo-con-vista-al-mar-de-68-17-m_p-143330.htm,143330,Exclusivo en Mantra Punta Pacífica: Lujo con Vista al Mar de 68.17 m²,Punta Pacifica,San Francisco,zone_raw_barrio_mapeado,"$386,600",386600,False,,1,2,,venta,inmopanama.com,2026-07-03 00:14:10
https://www.inmopanama.com/preventa-de-apartamentos-en-coco-del-mar-85-m2_p-143190.htm,143190,"PREVENTA DE APARTAMENTOS EN COCO DEL MAR, 85 M2",Coco Del Mar,San Francisco,zone_raw_barrio_mapeado,$1,1,True,precio_bajo_umbral,2,2,,venta,inmopanama.com,2026-07-03 00:14:10
https://www.inmopanama.com/venta-de-apartamento-remodelado-san-francisco-panama_p-142815.htm,142815,Venta de Apartamento Remodelado San Francisco - Panamá,San Francisco,San Francisco,zone_raw,"$210,000",210000,False,,2,2,,venta,inmopanama.com,2026-07-03 00:14:10
https://www.inmopanama.com/venta-de-apartamento-con-vista-al-mar-san-francisco-panama_p-142823.htm,142823,Venta de Apartamento con Vista al Mar San Francisco - Panamá,San Francisco,San Francisco,zone_raw,"$280,000",280000,False,,3,3,,venta,inmopanama.com,2026-07-03 00:14:10
https://www.inmopanama.com/venta-de-apartamentos-en-pacific-point-punta-pacifica_p-142860.htm,142860,"venta de apartamentos en Pacific Point, Punta Pacifica",Punta Pacifica,San Francisco,zone_raw_barrio_mapeado,"$765,000",765000,False,,3,3,,venta,inmopanama.com,2026-07-03 00:14:10
https://www.inmopanama.com/venta-de-apartamentos-en-pacific-point-punta-pacifica_p-142861.htm,142861,"venta de apartamentos en Pacific Point, Punta Pacifica",Punta Pacifica,San Francisco,zone_raw_barrio_mapeado,"$981,400",981400,False,,4,4,,venta,inmopanama.com,2026-07-03 00:14:10
https://www.inmopanama.com/venta-de-apartamentos-en-aquapoint-punta-paitilla_p-142862.htm,142862,"Venta de apartamentos en AquaPoint, Punta Paitilla",Punta Paitilla,San Francisco,zone_raw_barrio_mapeado,"$480,240",480240,False,,1,1,,venta,inmopanama.com,2026-07-03 00:14:10
https://www.inmopanama.com/venta-de-apartamento-en-ph-q-tower-punta-pacifica_p-142892.htm,142892,"Venta de apartamento en PH Q tower, Punta Pacifica",Punta Pacifica,San Francisco,zone_raw_barrio_mapeado,"$665,000",665000,False,,4,4,,venta,inmopanama.com,2026-07-03 00:14:10
https://www.inmopanama.com/venta-de-apartamento-proyecto-ph-lov-san-francisco-panama_p-136840.htm,136840,"Venta de apartamento, Proyecto PH LOV, San Francisco, Panamá",San Francisco,San Francisco,zone_raw,"$191,500",191500,False,,2,0,70,venta,inmopanama.com,2026-07-03 00:14:10
https://www.inmopanama.com/venta-de-apartamentos-ph-the-towers-paitilla-panama_p-136687.htm,136687,"Venta de apartamentos, PH The Towers, Paitilla, Panamá",San Francisco,San Francisco,zone_raw,"$896,000",896000,False,,3,0,320,venta,inmopanama.com,2026-07-03 00:14:10
https://www.inmopanama.com/venta-de-apartamento-en-ph-alive-san-francisco_p-136373.htm,136373,"Venta de apartamento en PH Alive, San Francisco",San Francisco,San Francisco,zone_raw,"$277,000",277000,False,,1,0,80,venta,inmopanama.com,2026-07-03 00:14:10
https://www.inmopanama.com/venta-de-apartamento-de-lujo-en-ph-bahia-pacifica-panama_p-142994.htm,142994,"Venta de apartamento de lujo en PH Bahía Pacífica, Panamá",Punta Pacifica,San Francisco,zone_raw_barrio_mapeado,"$1,400,000",1400000,False,,4,4,585,venta,inmopanama.com,2026-07-03 00:14:10
https://www.inmopanama.com/mantra-punta-pacifica-studio-de-lujo-ideal-turismo-medico_p-143440.htm,143440,Mantra Punta Pacífica: Studio de Lujo  Ideal Turismo Médico,Punta Pacifica,San Francisco,zone_raw_barrio_mapeado,"$161,400",161400,False,,0,0,21,venta,inmopanama.com,2026-07-03 00:14:11
https://www.inmopanama.com/mantra-punta-pacifica-exclusivo-studio-con-vista-al-mar_p-143418.htm,143418,Mantra Punta Pacífica: Exclusivo Studio con Vista al Mar,Punta Pacifica,San Francisco,zone_raw_barrio_mapeado,"$195,400",195400,False,,0,0,28,venta,inmopanama.com,2026-07-03 00:14:11
https://www.inmopanama.com/mantra-punta-pacifica-studio-de-lujo-ideal-turismo-medico_p-143417.htm,143417,Mantra Punta Pacífica: Studio de Lujo  Ideal Turismo Médico,Punta Pacifica,San Francisco,zone_raw_barrio_mapeado,"$163,600",163600,False,,0,0,29,venta,inmopanama.com,2026-07-03 00:14:11
https://www.inmopanama.com/mantra-punta-pacifica-exclusivo-studio-con-vista-al-mar_p-143416.htm,143416,Mantra Punta Pacífica: Exclusivo Studio con Vista al Mar,Punta Pacifica,San Francisco,zone_raw_barrio_mapeado,"$197,900",197900,False,,0,0,31,venta,inmopanama.com,2026-07-03 00:14:11
https://www.inmopanama.com/mantra-punta-pacifica-studio-de-lujo-ideal-turismo-medico_p-143415.htm,143415,Mantra Punta Pacífica: Studio de Lujo  Ideal Turismo Médico,Punta Pacifica,San Francisco,zone_raw_barrio_mapeado,"$146,000",146000,False,,0,0,24,venta,inmopanama.com,2026-07-03 00:14:11
https://www.inmopanama.com/preventa-de-apartamento-coco-del-mar-106m2_p-143148.htm,143148,"PREVENTA DE APARTAMENTO COCO DEL MAR, 106M2",Coco Del Mar,San Francisco,zone_raw_barrio_mapeado,$1,1,True,precio_bajo_umbral,0,0,106,venta,inmopanama.com,2026-07-03 00:14:15
https://www.inmopanama.com/mantra-punta-pacifica-studio-de-lujo-vista-lateral-al-oceano-y-las-luces-de-la-ciudad_p-143331.htm,143331,Mantra Punta Pacífica: Studio de Lujo  Vista Lateral al Océano y las ...,Punta Pacifica,San Francisco,zone_raw_barrio_mapeado,"$157,900",157900,False,,0,0,28,venta,inmopanama.com,2026-07-03 00:14:15
https://www.inmopanama.com/penthouse-duplex-con-rooftop-privado-en-ocean-reef-718-29-m2_p-143169.htm,143169,"Penthouse Dúplex con Rooftop Privado en Ocean Reef, 718.29 m2",Punta Pacifica,San Francisco,zone_raw_barrio_mapeado,$1,1,True,precio_bajo_umbral,0,0,718,venta,inmopanama.com,2026-07-03 00:14:15
https://www.inmopanama.com/venta-de-penthouse-duplex-con-rooftop-privado-en-ocean-reef-807-77-m_p-143168.htm,143168,"Venta de Penthouse Dúplex con Rooftop Privado en Ocean Reef, 807.77 m²",Punta Pacifica,San Francisco,zone_raw_barrio_mapeado,$1,1,True,precio_bajo_umbral,0,0,807,venta,inmopanama.com,2026-07-03 00:14:15
https://www.inmopanama.com/preventa-de-apartamento-en-san-francisco_p-143302.htm,143302,Preventa de Apartamento en San Francisco,San Francisco,San Francisco,zone_raw,"$398,200",398200,False,,0,0,,venta,inmopanama.com,2026-07-03 00:14:15
https://www.inmopanama.com/preventa-de-apartamentos-en-san-francisco-67-y-90-m2_p-143171.htm,143171,"Preventa de Apartamentos en San Francisco, 67 y 90 m2",San Francisco,San Francisco,zone_raw,$1,1,True,precio_bajo_umbral,0,0,,venta,inmopanama.com,2026-07-03 00:14:15
https://www.inmopanama.com/preventa-de-apartamento-coco-del-mar_p-143123.htm,143123,PREVENTA DE APARTAMENTO COCO DEL MAR,Coco Del Mar,San Francisco,zone_raw_barrio_mapeado,$1,1,True,precio_bajo_umbral,0,0,,venta,inmopanama.com,2026-07-03 00:14:15
